DROP DATABASE IF EXISTS vk;
CREATE DATABASE vk;
USE vk;

DROP TABLE IF EXISTS users;
CREATE TABLE users
(
    id            BIGINT UNSIGNED NOT NULL AUTO_INCREMENT PRIMARY KEY,
    firstname     VARCHAR(50),
    lastname      VARCHAR(50),
    email         VARCHAR(120) UNIQUE,
    password_hash VARCHAR(100),
    phone         BIGINT UNSIGNED UNIQUE,
    INDEX users_firstname_lastname_idx (firstname, lastname)
);

DROP TABLE IF EXISTS media_types;
CREATE TABLE media_types
(
    id         SERIAL,
    name       VARCHAR(255),
    created_at DATETIME DEFAULT NOW(),
    updated_at DATETIME ON UPDATE CURRENT_TIMESTAMP
);

DROP TABLE IF EXISTS media;
CREATE TABLE media
(
    id            SERIAL,
    media_type_id BIGINT UNSIGNED NOT NULL,
    user_id       BIGINT UNSIGNED NOT NULL,
    body          text,
    filename      VARCHAR(255),
    size          INT,
    metadata      JSON,
    created_at    DATETIME DEFAULT NOW(),
    updated_at    DATETIME ON UPDATE CURRENT_TIMESTAMP,

    FOREIGN KEY (user_id) REFERENCES users (id),
    FOREIGN KEY (media_type_id) REFERENCES media_types (id)
);

DROP TABLE IF EXISTS `profiles`;
CREATE TABLE `profiles`
(
    user_id    BIGINT UNSIGNED NOT NULL UNIQUE,
    gender     ENUM ('f', 'm'),
    birthday   DATE,
    photo_id   BIGINT UNSIGNED NULL,
    created_at DATETIME DEFAULT NOW(),
    hometown   VARCHAR(100),
    FOREIGN KEY (user_id) REFERENCES users (id),
    FOREIGN KEY (photo_id) REFERENCES media (id)
);

DROP TABLE IF EXISTS messages;
CREATE TABLE messages
(
    id           SERIAL,
    from_user_id BIGINT UNSIGNED NOT NULL,
    to_user_id   BIGINT UNSIGNED NOT NULL,
    body         TEXT,
    created_at   DATETIME DEFAULT NOW(),

    FOREIGN KEY (from_user_id) REFERENCES users (id),
    FOREIGN KEY (to_user_id) REFERENCES users (id)
);

DROP TABLE IF EXISTS friend_requests;
CREATE TABLE friend_requests
(
    initiator_user_id BIGINT UNSIGNED NOT NULL,
    target_user_id    BIGINT UNSIGNED NOT NULL,
    `status`          ENUM ('requested', 'approved', 'declined', 'unfriended'),
    requested_at      DATETIME DEFAULT NOW(),
    updated_at        DATETIME ON UPDATE CURRENT_TIMESTAMP,

    PRIMARY KEY (initiator_user_id, target_user_id),
    FOREIGN KEY (initiator_user_id) REFERENCES users (id),
    FOREIGN KEY (target_user_id) REFERENCES users (id)
);
-- чтобы пользователь сам себе не отправил запрос в друзья
ALTER TABLE friend_requests
    ADD CHECK (initiator_user_id <> target_user_id);

DROP TABLE IF EXISTS communities;
CREATE TABLE communities
(
    id            SERIAL,
    name          VARCHAR(150),
    admin_user_id BIGINT UNSIGNED NOT NULL,

    INDEX communities_name_idx (name),
    foreign key (admin_user_id) references users (id)
);

DROP TABLE IF EXISTS users_communities;
CREATE TABLE users_communities
(
    user_id      BIGINT UNSIGNED NOT NULL,
    community_id BIGINT UNSIGNED NOT NULL,

    PRIMARY KEY (user_id, community_id),
    FOREIGN KEY (user_id) REFERENCES users (id),
    FOREIGN KEY (community_id) REFERENCES communities (id)
);

DROP TABLE IF EXISTS likes;
CREATE TABLE likes
(
    id         SERIAL,
    user_id    BIGINT UNSIGNED NOT NULL,
    media_id   BIGINT UNSIGNED NOT NULL,
    created_at DATETIME DEFAULT NOW(),
    FOREIGN KEY (user_id) REFERENCES users (id),
    FOREIGN KEY (media_id) REFERENCES media (id)
);

DROP TABLE IF EXISTS `photo_albums`;
CREATE TABLE `photo_albums`
(
    `id`      SERIAL,
    `name`    varchar(255)    DEFAULT NULL,
    `user_id` BIGINT UNSIGNED DEFAULT NULL,

    FOREIGN KEY (user_id) REFERENCES users (id),
    PRIMARY KEY (`id`)
);

DROP TABLE IF EXISTS `photos`;
CREATE TABLE `photos`
(
    id         SERIAL,
    `album_id` BIGINT unsigned NULL,
    `media_id` BIGINT unsigned NOT NULL,

    FOREIGN KEY (album_id) REFERENCES photo_albums (id),
    FOREIGN KEY (media_id) REFERENCES media (id)
);


DROP TABLE IF EXISTS likes_messages;
CREATE TABLE likes_messages
(
    id         SERIAL,
    user_id    BIGINT UNSIGNED NOT NULL,
    message_id BIGINT UNSIGNED NOT NULL,
    created_at DATETIME DEFAULT NOW(),

    FOREIGN KEY (user_id) REFERENCES users (id) on delete cascade,
    FOREIGN KEY (message_id) REFERENCES messages (id) on delete cascade
);

DROP TABLE IF EXISTS likes_users;
CREATE TABLE likes_users
(
    id         SERIAL,
    user_id    BIGINT UNSIGNED NOT NULL,
    created_at DATETIME DEFAULT NOW(),

    FOREIGN KEY (user_id) REFERENCES users (id)
);

INSERT INTO `users` (`id`, `firstname`, `lastname`, `email`, `password_hash`, `phone`)
VALUES ('201', 'Marlene', 'Schumm', 'hyman67@example.org', 'c06a532305008d897e70a58653d8e42e0d1cea83', '49');
INSERT INTO `users` (`id`, `firstname`, `lastname`, `email`, `password_hash`, `phone`)
VALUES ('202', 'Riley', 'Abshire', 'kolby.langosh@example.net', '8f4b9464b75f5c1d5aa00852a4f000b3cf2ce73d', '1');
INSERT INTO `users` (`id`, `firstname`, `lastname`, `email`, `password_hash`, `phone`)
VALUES ('203', 'Bettie', 'Stroman', 'jaylon.hills@example.net', 'be5ace2e39a6bf69b2c8c692476be0ec2574d07d', '538');
INSERT INTO `users` (`id`, `firstname`, `lastname`, `email`, `password_hash`, `phone`)
VALUES ('205', 'Jaclyn', 'Altenwerth', 'malinda07@example.com', '095c4175dd044df87103dd977f568cdf2e433fad', '803533');
INSERT INTO `users` (`id`, `firstname`, `lastname`, `email`, `password_hash`, `phone`)
VALUES ('208', 'Nathanael', 'Schultz', 'mattie.kling@example.net', 'de6685885f52996622a21c96d4ca48824c1578c4', '32');
INSERT INTO `users` (`id`, `firstname`, `lastname`, `email`, `password_hash`, `phone`)
VALUES ('209', 'Lavern', 'Gaylord', 'o\'reilly.aisha@example.net', '4093e40575303b8d5eec1e91fcf878c4aaea5c76', '260');
INSERT INTO `users` (`id`, `firstname`, `lastname`, `email`, `password_hash`, `phone`)
VALUES ('212', 'Paige', 'Lind', 'johnson.mable@example.com', '5a23f62c34426883df6a9bc5afae36122d7429b0', '344891');
INSERT INTO `users` (`id`, `firstname`, `lastname`, `email`, `password_hash`, `phone`)
VALUES ('214', 'Ward', 'Kshlerin', 'zakary.schowalter@example.net', '07ab8301ee64c5bf86e0ebf18799af6914f2ace8', '0');
INSERT INTO `users` (`id`, `firstname`, `lastname`, `email`, `password_hash`, `phone`)
VALUES ('215', 'Tara', 'Macejkovic', 'pgusikowski@example.net', 'b354293a821992a5a5d30df11edf5bb3427d638d', '29');
INSERT INTO `users` (`id`, `firstname`, `lastname`, `email`, `password_hash`, `phone`)
VALUES ('216', 'Elody', 'Kessler', 'arch.halvorson@example.org', '122bd8b8d08fc90a63d745fba4d6b3fd82110231', '999');
INSERT INTO `users` (`id`, `firstname`, `lastname`, `email`, `password_hash`, `phone`)
VALUES ('217', 'Aiden', 'Gerhold', 'bartoletti.lottie@example.net', '342300709699d5a1f635d817e5a6086622d2edbc',
        '1006609024');
INSERT INTO `users` (`id`, `firstname`, `lastname`, `email`, `password_hash`, `phone`)
VALUES ('218', 'Noah', 'Jacobi', 'madaline.predovic@example.com', 'afd65ab5ac7419b1e2b90b16c456c2a437b7d7e9', '79');
INSERT INTO `users` (`id`, `firstname`, `lastname`, `email`, `password_hash`, `phone`)
VALUES ('219', 'Monserrat', 'Brekke', 'jennyfer99@example.com', '9f0be0e41b97806cb4071e0680d438a59e3a8046', '274431');
INSERT INTO `users` (`id`, `firstname`, `lastname`, `email`, `password_hash`, `phone`)
VALUES ('220', 'Oma', 'Hahn', 'reggie67@example.com', '68a073ae2e13fc9e36babb0a5b70588c5086b918', '81');
INSERT INTO `users` (`id`, `firstname`, `lastname`, `email`, `password_hash`, `phone`)
VALUES ('221', 'Mauricio', 'Huels', 'crogahn@example.net', '5057003e17e04af36225685bcb0e53d0345c51af', '36');
INSERT INTO `users` (`id`, `firstname`, `lastname`, `email`, `password_hash`, `phone`)
VALUES ('222', 'Marc', 'Huels', 'owilkinson@example.com', 'ecbe4bf56816a8f5896a545e3aa46e0dd07eff12', '727401885');
INSERT INTO `users` (`id`, `firstname`, `lastname`, `email`, `password_hash`, `phone`)
VALUES ('223', 'Kaylah', 'Braun', 'rosario73@example.com', '193eef1c0abb45339b652389290bbaf4d385bbd6', '66');
INSERT INTO `users` (`id`, `firstname`, `lastname`, `email`, `password_hash`, `phone`)
VALUES ('224', 'Melvina', 'Konopelski', 'adaline59@example.org', '0f4f527455839c7c0010cb4c2755dbbf37e83e5c', '59');
INSERT INTO `users` (`id`, `firstname`, `lastname`, `email`, `password_hash`, `phone`)
VALUES ('227', 'Filomena', 'McGlynn', 'mcdermott.darion@example.org', '751b9b6f48f22e09ec1cdc1b3d78b6aa9066258e',
        '423952');
INSERT INTO `users` (`id`, `firstname`, `lastname`, `email`, `password_hash`, `phone`)
VALUES ('228', 'Kendra', 'King', 'viva.haag@example.com', 'acc60d9a0572d9fd1cbaed3bd10024d24f31fd5e', '984');
INSERT INTO `users` (`id`, `firstname`, `lastname`, `email`, `password_hash`, `phone`)
VALUES ('230', 'Fritz', 'Wunsch', 'esawayn@example.org', '79bc129ca8193b48670f55f2925d866b15196e7d', '16');
INSERT INTO `users` (`id`, `firstname`, `lastname`, `email`, `password_hash`, `phone`)
VALUES ('234', 'Will', 'Roberts', 'crist.donna@example.net', 'd0f4229bec31b514b575d45b2d956bc135046eb8', '706490');
INSERT INTO `users` (`id`, `firstname`, `lastname`, `email`, `password_hash`, `phone`)
VALUES ('236', 'Roel', 'Balistreri', 'aeichmann@example.net', '1dbb49e27ce37c8e1da6e799214d9cd935c8c778', '148023');
INSERT INTO `users` (`id`, `firstname`, `lastname`, `email`, `password_hash`, `phone`)
VALUES ('237', 'Susana', 'Wunsch', 'malinda.leffler@example.com', '0d78846c2488a8dfc15a169dc6e7dc2e9c49760f', '93');
INSERT INTO `users` (`id`, `firstname`, `lastname`, `email`, `password_hash`, `phone`)
VALUES ('239', 'Eriberto', 'Blanda', 'oberbrunner.leo@example.com', '1fc2bce57616422c5a88fd95a5bcd38bcb98c740',
        '841372');
INSERT INTO `users` (`id`, `firstname`, `lastname`, `email`, `password_hash`, `phone`)
VALUES ('240', 'Shirley', 'Anderson', 'nova.thiel@example.com', '3acff545fb53123867e436989a960a590b4a0e4d', '480');
INSERT INTO `users` (`id`, `firstname`, `lastname`, `email`, `password_hash`, `phone`)
VALUES ('243', 'Marjory', 'Ortiz', 'pprohaska@example.com', '71b3393c04f01ede4d56a48a6616cda0da536899', '78');
INSERT INTO `users` (`id`, `firstname`, `lastname`, `email`, `password_hash`, `phone`)
VALUES ('244', 'Felipa', 'King', 'ondricka.karson@example.org', 'b6e114a2637a1d5bdaaf4f1f93c69b13309f0fac', '60');
INSERT INTO `users` (`id`, `firstname`, `lastname`, `email`, `password_hash`, `phone`)
VALUES ('245', 'Valerie', 'Grant', 'torphy.ursula@example.net', '07f2cbb501a6a8b6a16337ffa776d216f8ad1e41', '617');
INSERT INTO `users` (`id`, `firstname`, `lastname`, `email`, `password_hash`, `phone`)
VALUES ('247', 'Margot', 'Schaden', 'xjohnson@example.net', '5a63eb11798db5d831aac3a3acca101099bc82e3', '596877');
INSERT INTO `users` (`id`, `firstname`, `lastname`, `email`, `password_hash`, `phone`)
VALUES ('248', 'Declan', 'Bergstrom', 'justine80@example.org', '947e17f2b98180f2717a101e39b3518adf2df3be', '62');
INSERT INTO `users` (`id`, `firstname`, `lastname`, `email`, `password_hash`, `phone`)
VALUES ('249', 'Miguel', 'Ruecker', 'nhermann@example.net', 'f648cda194336ed0c6adb04f8a865df684be6b37', '181372');
INSERT INTO `users` (`id`, `firstname`, `lastname`, `email`, `password_hash`, `phone`)
VALUES ('250', 'Shanon', 'Klocko', 'genesis10@example.com', 'cc38d01c7a1b8a112ad28a5c72c3a0ad82c5f0fb', '771501');
INSERT INTO `users` (`id`, `firstname`, `lastname`, `email`, `password_hash`, `phone`)
VALUES ('251', 'Annabell', 'Douglas', 'lubowitz.rahul@example.com', 'ebfd46a4021dfa888d6e4079a6d368d01dd748fb',
        '2163614215');
INSERT INTO `users` (`id`, `firstname`, `lastname`, `email`, `password_hash`, `phone`)
VALUES ('252', 'Eleanora', 'Goodwin', 'nschiller@example.com', 'a2f654af351c4811650c1f225bf060b6d1ebdabc',
        '1588951149');
INSERT INTO `users` (`id`, `firstname`, `lastname`, `email`, `password_hash`, `phone`)
VALUES ('255', 'Watson', 'Murray', 'toy.demarcus@example.com', '01ba26c6be862c7af72caa994eeac6ac0b6c0176', '701');
INSERT INTO `users` (`id`, `firstname`, `lastname`, `email`, `password_hash`, `phone`)
VALUES ('256', 'Arvilla', 'Morar', 'britney29@example.net', 'de146b4ddd8f8791280b23f3a919d1f904f03549', '4747327524');
INSERT INTO `users` (`id`, `firstname`, `lastname`, `email`, `password_hash`, `phone`)
VALUES ('257', 'Lucile', 'Spencer', 'royal.huel@example.com', '547395a3929f788b84d15141647ae0f90044e3fe', '621248');
INSERT INTO `users` (`id`, `firstname`, `lastname`, `email`, `password_hash`, `phone`)
VALUES ('258', 'Helmer', 'Kulas', 'metz.vita@example.com', '9b611d29adfed89cbdc96815628c74add92e6583', '702617');
INSERT INTO `users` (`id`, `firstname`, `lastname`, `email`, `password_hash`, `phone`)
VALUES ('259', 'Jovany', 'Green', 'bsmitham@example.com', '60d83c8764b368901b0eb6d127410bdc3d575d9d', '21');
INSERT INTO `users` (`id`, `firstname`, `lastname`, `email`, `password_hash`, `phone`)
VALUES ('260', 'Columbus', 'Lebsack', 'tiffany40@example.com', 'e777b6d6132c8d8272c05672e1132f4a45f3e99d', '504398');
INSERT INTO `users` (`id`, `firstname`, `lastname`, `email`, `password_hash`, `phone`)
VALUES ('261', 'Evie', 'Kozey', 'jean37@example.org', '6266bda5cbd0e3c9597fe831d2b845dc6fcf6ebb', '892105');
INSERT INTO `users` (`id`, `firstname`, `lastname`, `email`, `password_hash`, `phone`)
VALUES ('262', 'Lottie', 'Pacocha', 'edgardo.gibson@example.com', 'ada29bc8744ff5c43d1e35afb6fce4917c953fcb', '855366');
INSERT INTO `users` (`id`, `firstname`, `lastname`, `email`, `password_hash`, `phone`)
VALUES ('263', 'Amalia', 'Dietrich', 'dayne77@example.net', 'a0a468ebd50862f6fe7b26ef1193b0e417c703c9', '33');
INSERT INTO `users` (`id`, `firstname`, `lastname`, `email`, `password_hash`, `phone`)
VALUES ('264', 'Shawn', 'Schaefer', 'crist.stuart@example.com', 'd20d04807004a0cbb713840493c6a9e56c84bd00', '516265');
INSERT INTO `users` (`id`, `firstname`, `lastname`, `email`, `password_hash`, `phone`)
VALUES ('266', 'Chanelle', 'Yost', 'frida.schmeler@example.org', 'a7efbc468d599b934cfd197bb7a211f0b13d16b4', '142');
INSERT INTO `users` (`id`, `firstname`, `lastname`, `email`, `password_hash`, `phone`)
VALUES ('268', 'Gustave', 'Reichel', 'gkautzer@example.com', '8580032b1e553ff8b4ef07e26642068eeb39f776', '14');
INSERT INTO `users` (`id`, `firstname`, `lastname`, `email`, `password_hash`, `phone`)
VALUES ('270', 'Elvis', 'Armstrong', 'braden87@example.com', 'c1c02e8d0ce3a52f19b8b73771d9040f5cdcb39e', '942005');
INSERT INTO `users` (`id`, `firstname`, `lastname`, `email`, `password_hash`, `phone`)
VALUES ('271', 'Carmen', 'Kunze', 'virgie21@example.net', 'e980a8e22dbf3c449358dc9aeaafb9ee9de17720', '316687');
INSERT INTO `users` (`id`, `firstname`, `lastname`, `email`, `password_hash`, `phone`)
VALUES ('272', 'Tod', 'Boyer', 'elenora46@example.net', 'a0f0629654a7e1701a1399a0ae2e89f020893386', '773307');
INSERT INTO `users` (`id`, `firstname`, `lastname`, `email`, `password_hash`, `phone`)
VALUES ('274', 'Chaya', 'Greenholt', 'harber.arlie@example.net', 'ba73ca59110af197452d11d85da9278fb66d8631', '69');
INSERT INTO `users` (`id`, `firstname`, `lastname`, `email`, `password_hash`, `phone`)
VALUES ('275', 'Krista', 'Treutel', 'kilback.thad@example.net', '61d33e43bcae975b6eb6017ca92e8eda1c159ff4', '137');
INSERT INTO `users` (`id`, `firstname`, `lastname`, `email`, `password_hash`, `phone`)
VALUES ('276', 'Leonie', 'Kozey', 'ada11@example.org', '526596a12c532737e6bc4bb742c1b75978be0cf4', '506528');
INSERT INTO `users` (`id`, `firstname`, `lastname`, `email`, `password_hash`, `phone`)
VALUES ('280', 'Franz', 'Spencer', 'nyundt@example.org', '14362f56fe5dfa33faa15a00f393aca3d45b6b4b', '3976218766');
INSERT INTO `users` (`id`, `firstname`, `lastname`, `email`, `password_hash`, `phone`)
VALUES ('282', 'Brayan', 'Stark', 'cora.hackett@example.com', '407ecd63401a50cb8831a27e2857ab784f5de296', '18');
INSERT INTO `users` (`id`, `firstname`, `lastname`, `email`, `password_hash`, `phone`)
VALUES ('283', 'Ward', 'Morissette', 'arlo.grant@example.com', '33066f24c5abf27f5b3e54c332d178fd5350dd67', '267363');
INSERT INTO `users` (`id`, `firstname`, `lastname`, `email`, `password_hash`, `phone`)
VALUES ('285', 'Crystel', 'Kertzmann', 'akoch@example.com', '2ea920a3d1216f9262d97590cb6b0b5e6739af6a', '757');
INSERT INTO `users` (`id`, `firstname`, `lastname`, `email`, `password_hash`, `phone`)
VALUES ('286', 'Ova', 'Orn', 'haag.carroll@example.net', '4a9dba2f230ff70ef81557fd4233905aba7de84a', '9728668727');
INSERT INTO `users` (`id`, `firstname`, `lastname`, `email`, `password_hash`, `phone`)
VALUES ('290', 'Quincy', 'Rolfson', 'otilia86@example.net', '64e79960abefaca986117bf41f94eae722cc0293', '694294');
INSERT INTO `users` (`id`, `firstname`, `lastname`, `email`, `password_hash`, `phone`)
VALUES ('291', 'Leland', 'Schulist', 'reilly.rosalind@example.org', '22e44ca518a7329023bf1ffb66edd0fbc5b12243',
        '444449');
INSERT INTO `users` (`id`, `firstname`, `lastname`, `email`, `password_hash`, `phone`)
VALUES ('292', 'Olaf', 'Reynolds', 'dblock@example.com', '231f59ec5660e42bf7d98d181d843e5e40f1bbc6', '510');
INSERT INTO `users` (`id`, `firstname`, `lastname`, `email`, `password_hash`, `phone`)
VALUES ('293', 'Isac', 'Prosacco', 'icie57@example.com', 'b6c56c9ad1a33f25c04e2d5c6c0f827752fff658', '388');
INSERT INTO `users` (`id`, `firstname`, `lastname`, `email`, `password_hash`, `phone`)
VALUES ('294', 'Una', 'West', 'rogers60@example.org', 'b36bd753697f739b1f2c6d6d4584f9c1da395cf9', '944981');
INSERT INTO `users` (`id`, `firstname`, `lastname`, `email`, `password_hash`, `phone`)
VALUES ('295', 'America', 'Davis', 'esteban58@example.net', 'bddbf229216a96e3892b9ce53ea2ecb1f0e05d93', '681');
INSERT INTO `users` (`id`, `firstname`, `lastname`, `email`, `password_hash`, `phone`)
VALUES ('297', 'Hailey', 'Swift', 'xabernathy@example.com', '345075f32b909b33cad78d799ff0955e5671f2d3', '181');
INSERT INTO `users` (`id`, `firstname`, `lastname`, `email`, `password_hash`, `phone`)
VALUES ('298', 'Santina', 'Bins', 'walter76@example.net', 'b9568ed5eeb14ed93b79809dd19cccd3e971d0b4', '4277916656');
INSERT INTO `users` (`id`, `firstname`, `lastname`, `email`, `password_hash`, `phone`)
VALUES ('300', 'Janiya', 'Hahn', 'fwalker@example.net', '640abc627b6dcf7dae2536a49979d86a0b0ec37c', '822');
INSERT INTO `users` (`id`, `firstname`, `lastname`, `email`, `password_hash`, `phone`)
VALUES ('301', 'Judge', 'Ankunding', 'vbreitenberg@example.net', '695ef1dddb46c6a1a5d94451089a5f19299a4d70', '387643');
INSERT INTO `users` (`id`, `firstname`, `lastname`, `email`, `password_hash`, `phone`)
VALUES ('303', 'Esta', 'Auer', 'kling.ara@example.com', '0e47e7c60c77436d386a7c29658b4266de8fb89c', '175');
INSERT INTO `users` (`id`, `firstname`, `lastname`, `email`, `password_hash`, `phone`)
VALUES ('305', 'Isabel', 'Cassin', 'aufderhar.reynold@example.com', 'd74d7e8c5a4cef4097119a5a5f442d3c08bcd513',
        '115647');
INSERT INTO `users` (`id`, `firstname`, `lastname`, `email`, `password_hash`, `phone`)
VALUES ('306', 'Reanna', 'Block', 'king.jovanny@example.org', '48fa9bd3fd2c0de1dde410a155cabc2d80a28ef0', '40');
INSERT INTO `users` (`id`, `firstname`, `lastname`, `email`, `password_hash`, `phone`)
VALUES ('307', 'Earnestine', 'Heaney', 'urunolfsdottir@example.org', '5b1d53c500c10a01a5b53fdd6cc5e94f3cfaa082', '859');
INSERT INTO `users` (`id`, `firstname`, `lastname`, `email`, `password_hash`, `phone`)
VALUES ('309', 'Jeffrey', 'Konopelski', 'joey.renner@example.com', '5783df031cf61c10bfd6d7fd5fff5407cad26fdb',
        '2167622798');
INSERT INTO `users` (`id`, `firstname`, `lastname`, `email`, `password_hash`, `phone`)
VALUES ('311', 'Margaretta', 'Mante', 'bzboncak@example.org', '7e76810acf04cc5d8d6bec021d4c2aea6fc35407', '7764167583');
INSERT INTO `users` (`id`, `firstname`, `lastname`, `email`, `password_hash`, `phone`)
VALUES ('314', 'Jerel', 'Anderson', 'peter.dickinson@example.net', 'ce60f007bcdb3ed070a2ed237f7b374c16f6fdce',
        '439165');
INSERT INTO `users` (`id`, `firstname`, `lastname`, `email`, `password_hash`, `phone`)
VALUES ('315', 'Ceasar', 'Schmeler', 'ikovacek@example.net', '687bb9cdcf82f9127335a2add4ca71fb540d7bda', '333837');
INSERT INTO `users` (`id`, `firstname`, `lastname`, `email`, `password_hash`, `phone`)
VALUES ('318', 'Magnus', 'Hyatt', 'kutch.hobart@example.com', '92d3ec0e488d3eaa18a81ee772d5b7fa73726216', '3080127086');
INSERT INTO `users` (`id`, `firstname`, `lastname`, `email`, `password_hash`, `phone`)
VALUES ('319', 'Myrtis', 'Keebler', 'cassin.arnoldo@example.org', '648222bd2a2ab1658d3bb91708f2bab2fcd49949',
        '3423923140');
INSERT INTO `users` (`id`, `firstname`, `lastname`, `email`, `password_hash`, `phone`)
VALUES ('321', 'Nova', 'Ledner', 'flesch@example.net', 'cb475d05df5038a4f541757388958fbb8650ca47', '529901');
INSERT INTO `users` (`id`, `firstname`, `lastname`, `email`, `password_hash`, `phone`)
VALUES ('322', 'Addison', 'Hickle', 'elroy01@example.net', '75a6330255a62aa9012deb83c218fbbf82fe4c67', '141');
INSERT INTO `users` (`id`, `firstname`, `lastname`, `email`, `password_hash`, `phone`)
VALUES ('324', 'Roberta', 'Wisozk', 'epaucek@example.net', 'eb89fca7ec6c01812a5e0fafb6f99700df71b172', '560289');
INSERT INTO `users` (`id`, `firstname`, `lastname`, `email`, `password_hash`, `phone`)
VALUES ('327', 'Viviane', 'Quigley', 'pollich.vanessa@example.net', '9ea07d001f1cab963d734dc14c50e525f335f24c', '543');
INSERT INTO `users` (`id`, `firstname`, `lastname`, `email`, `password_hash`, `phone`)
VALUES ('328', 'Toni', 'Harris', 'marlin.barton@example.org', '7b1135bf8a0cb6b560e1360c23fdb69aa7bd450c', '387606');
INSERT INTO `users` (`id`, `firstname`, `lastname`, `email`, `password_hash`, `phone`)
VALUES ('329', 'Krystal', 'Bogisich', 'cade58@example.org', 'ebcef153a1fbee6eecf01ee51e61a6c86ebe88d1', '1020710931');
INSERT INTO `users` (`id`, `firstname`, `lastname`, `email`, `password_hash`, `phone`)
VALUES ('330', 'Lindsey', 'Schaden', 'bednar.estevan@example.net', '1b98b0a2ab85082f0df865e07b01001553841c27', '616');
INSERT INTO `users` (`id`, `firstname`, `lastname`, `email`, `password_hash`, `phone`)
VALUES ('331', 'Brielle', 'Bradtke', 'ybauch@example.com', '92c6fe292fb97a0a28d31a4e12ed1ca6884c7ec4', '151908');
INSERT INTO `users` (`id`, `firstname`, `lastname`, `email`, `password_hash`, `phone`)
VALUES ('333', 'Bessie', 'Turner', 'mcglynn.heloise@example.com', '4d4da763d50f8b977666e06833151952376639bc', '536140');
INSERT INTO `users` (`id`, `firstname`, `lastname`, `email`, `password_hash`, `phone`)
VALUES ('334', 'Shea', 'Lebsack', 'pkihn@example.com', 'd29023b381c4e9bc9fe95dd9cd45ee6eb23049d6', '6610861872');
INSERT INTO `users` (`id`, `firstname`, `lastname`, `email`, `password_hash`, `phone`)
VALUES ('335', 'Lavern', 'Hegmann', 'mittie52@example.com', '939d5b2cd24c90ea6b29f02cdf68a3cc89d6a130', '549');
INSERT INTO `users` (`id`, `firstname`, `lastname`, `email`, `password_hash`, `phone`)
VALUES ('336', 'Kylie', 'Carter', 'kemmer.laisha@example.com', 'cc1f256dde068e8330f50a7ceb3cbcd5769aedec', '556');
INSERT INTO `users` (`id`, `firstname`, `lastname`, `email`, `password_hash`, `phone`)
VALUES ('337', 'Lucile', 'Hansen', 'feeney.haley@example.net', '090fe8d488d98483a29ebb4900d17ba56f881d75', '926598');
INSERT INTO `users` (`id`, `firstname`, `lastname`, `email`, `password_hash`, `phone`)
VALUES ('338', 'Antonia', 'Crist', 'pacocha.johnathan@example.org', 'cdf2b5d0bfc879aa979bca78cfd2202651ff7d1f',
        '700859183');
INSERT INTO `users` (`id`, `firstname`, `lastname`, `email`, `password_hash`, `phone`)
VALUES ('339', 'Marquis', 'Padberg', 'rice.cristopher@example.com', '8702458ad7bb24a5e9ec6ba59e06c31a74508415',
        '25597');
INSERT INTO `users` (`id`, `firstname`, `lastname`, `email`, `password_hash`, `phone`)
VALUES ('342', 'Christop', 'Kulas', 'alessandro35@example.com', 'd0cccf84fd5330e069942f86228d85560aa33fd2', '760');
INSERT INTO `users` (`id`, `firstname`, `lastname`, `email`, `password_hash`, `phone`)
VALUES ('344', 'Richard', 'Watsica', 'kovacek.corrine@example.com', '922ed19238618dcba63f78b35186ed0044c5a244', '143');
INSERT INTO `users` (`id`, `firstname`, `lastname`, `email`, `password_hash`, `phone`)
VALUES ('346', 'Gerard', 'Haag', 'jkohler@example.com', '5bc3028844e2477d4d80eb764f714ccf1c052dfa', '680');
INSERT INTO `users` (`id`, `firstname`, `lastname`, `email`, `password_hash`, `phone`)
VALUES ('350', 'Jorge', 'Donnelly', 'kkshlerin@example.net', '6ca6f68c019f7daba2da91939981c07b381c3dda', '340062');
INSERT INTO `users` (`id`, `firstname`, `lastname`, `email`, `password_hash`, `phone`)
VALUES ('352', 'Emanuel', 'Reichel', 'nader.diana@example.net', 'b23e7411fd7cd29d28c55cc35a1bb6c064d6c6b5',
        '5060022164');
INSERT INTO `users` (`id`, `firstname`, `lastname`, `email`, `password_hash`, `phone`)
VALUES ('354', 'Sanford', 'Sipes', 'stiedemann.judge@example.org', '331581237525db9ebe9d4beb661197ab78d5ffcd', '820');
INSERT INTO `users` (`id`, `firstname`, `lastname`, `email`, `password_hash`, `phone`)
VALUES ('356', 'Taya', 'Harvey', 'hackett.xzavier@example.org', '934129be2cccc75d22ca7445ba058ff80d959e60', '673');
INSERT INTO `users` (`id`, `firstname`, `lastname`, `email`, `password_hash`, `phone`)
VALUES ('358', 'Erich', 'Robel', 'bailey.sienna@example.com', '49d6b0a8a094208f3e2ab2b1523d208f302e30e6', '27');
INSERT INTO `users` (`id`, `firstname`, `lastname`, `email`, `password_hash`, `phone`)
VALUES ('360', 'Lily', 'Hills', 'buckridge.milan@example.org', '4a4384efe144e9a63db95aae0b2d18d523c094f2', '2');
INSERT INTO `users` (`id`, `firstname`, `lastname`, `email`, `password_hash`, `phone`)
VALUES ('361', 'Jasper', 'Fadel', 'ijakubowski@example.net', '447f980019ed121db4b8f28050693d8cedd5a688', '634549180');
INSERT INTO `users` (`id`, `firstname`, `lastname`, `email`, `password_hash`, `phone`)
VALUES ('363', 'Noemie', 'Keebler', 'pagac.freda@example.org', '4e96ee8134f1e23680d1f27173448fbb8ec4c6d9', '633370');
INSERT INTO `users` (`id`, `firstname`, `lastname`, `email`, `password_hash`, `phone`)
VALUES ('367', 'Jesus', 'Herzog', 'kaylin71@example.net', '65ac1fa3e45ff9ed8faf5531bb49571b5fdd8f2c', '887025');
INSERT INTO `users` (`id`, `firstname`, `lastname`, `email`, `password_hash`, `phone`)
VALUES ('368', 'Rocio', 'Reynolds', 'mraz.judson@example.com', '80c6fac127add1c40359df8a209911e8d1ef0f8e', '333');
INSERT INTO `users` (`id`, `firstname`, `lastname`, `email`, `password_hash`, `phone`)
VALUES ('370', 'Jadyn', 'Hansen', 'ncrist@example.org', '7b58d676ce6b334a2f18717c7540df82336cccca', '334219');
INSERT INTO `users` (`id`, `firstname`, `lastname`, `email`, `password_hash`, `phone`)
VALUES ('371', 'Randal', 'Kreiger', 'dominique56@example.net', 'f06f5f68ba96b5db7acda69e39a87adc46f9588f', '968');
INSERT INTO `users` (`id`, `firstname`, `lastname`, `email`, `password_hash`, `phone`)
VALUES ('372', 'Delilah', 'Schneider', 'apadberg@example.net', '83d19e2f697dbf777a962b79342c07258697585c', '386498');
INSERT INTO `users` (`id`, `firstname`, `lastname`, `email`, `password_hash`, `phone`)
VALUES ('374', 'Santina', 'D\'Amore', 'juana54@example.org', 'c54182196dd48d08317870983c788bfae72f443c', '235');
INSERT INTO `users` (`id`, `firstname`, `lastname`, `email`, `password_hash`, `phone`)
VALUES ('377', 'Dayana', 'Upton', 'patricia63@example.net', '203730d68560b64fd72534cb2fd829a64b1f9fa8', '22');
INSERT INTO `users` (`id`, `firstname`, `lastname`, `email`, `password_hash`, `phone`)
VALUES ('378', 'Ryley', 'Ruecker', 'rdaugherty@example.org', 'a5880e20438dfb8774aaa07af6230bf7027fced8', '550');
INSERT INTO `users` (`id`, `firstname`, `lastname`, `email`, `password_hash`, `phone`)
VALUES ('379', 'Tavares', 'Reilly', 'adams.hulda@example.org', 'a1ef06dd5e82390116b780395871775ca3280c24', '71839');
INSERT INTO `users` (`id`, `firstname`, `lastname`, `email`, `password_hash`, `phone`)
VALUES ('380', 'Otho', 'Effertz', 'weissnat.daisy@example.net', '34e4b432bbd8694e9d6eee8b5c545ab318affdec', '446146');
INSERT INTO `users` (`id`, `firstname`, `lastname`, `email`, `password_hash`, `phone`)
VALUES ('382', 'Percival', 'Powlowski', 'aracely.stroman@example.net', '908c6540f04fb01e2ffcbe8e90bd9a88e2778571',
        '539071');
INSERT INTO `users` (`id`, `firstname`, `lastname`, `email`, `password_hash`, `phone`)
VALUES ('386', 'Winfield', 'Smith', 'rocio17@example.org', '868bf0f3e262113db808d24ca72e143cace87421', '7496921310');
INSERT INTO `users` (`id`, `firstname`, `lastname`, `email`, `password_hash`, `phone`)
VALUES ('387', 'Jessika', 'Ward', 'florine.schimmel@example.org', '003ca4b7831c172c6ee79fbfafa7a78f6f1bc9af', '984855');
INSERT INTO `users` (`id`, `firstname`, `lastname`, `email`, `password_hash`, `phone`)
VALUES ('389', 'Russel', 'Ondricka', 'gerlach.declan@example.org', '99fee30d5002a0dc8e7613e971270f167a5453ed', '58');
INSERT INTO `users` (`id`, `firstname`, `lastname`, `email`, `password_hash`, `phone`)
VALUES ('390', 'Paul', 'Jacobs', 'reginald.braun@example.net', '261f5ed15ce7552dc3fb127d285998f51427b277',
        '2277844299');
INSERT INTO `users` (`id`, `firstname`, `lastname`, `email`, `password_hash`, `phone`)
VALUES ('391', 'Lenny', 'Dare', 'bret.raynor@example.org', '5708e81b4c762b4873a9c8397d66ac0246021db3', '180');
INSERT INTO `users` (`id`, `firstname`, `lastname`, `email`, `password_hash`, `phone`)
VALUES ('392', 'Aryanna', 'Legros', 'anderson.jadyn@example.org', '957a93ecb52aa998f8d59b928c87de6f53721bca', '295');
INSERT INTO `users` (`id`, `firstname`, `lastname`, `email`, `password_hash`, `phone`)
VALUES ('397', 'Moriah', 'Stoltenberg', 'mary.schinner@example.net', 'd2854d893160aeda40cda201f7a6b88384ea42b4',
        '667292');
INSERT INTO `users` (`id`, `firstname`, `lastname`, `email`, `password_hash`, `phone`)
VALUES ('398', 'Wava', 'Keebler', 'ilubowitz@example.com', '7e603475a024773f7960544524028dd095e8e61c', '941697');
INSERT INTO `users` (`id`, `firstname`, `lastname`, `email`, `password_hash`, `phone`)
VALUES ('400', 'Michele', 'Rippin', 'fcassin@example.com', '87528676915a936dd4a2161781b9ac04afd67b86', '9806002444');

INSERT INTO `media_types`
VALUES (1, 'application/vnd.openxmlformats-officedocument.wordprocessingml.document', '1997-04-14 12:55:58',
        '2018-08-06 11:31:05'),
       (2, 'application/x-msclip', '2019-08-02 10:37:47', '2003-04-28 01:55:37'),
       (3, 'text/turtle', '1979-09-21 13:40:49', '1995-06-12 03:12:58'),
       (4, 'application/vnd.oasis.opendocument.presentation-template', '1971-07-23 22:13:46', '1995-01-03 11:26:52'),
       (5, 'video/x-sgi-movie', '1989-05-09 20:01:29', '1980-04-24 23:52:59'),
       (6, 'text/csv', '1993-03-23 11:40:48', '1994-07-25 03:42:15'),
       (7, 'text/x-setext', '2021-01-28 04:44:28', '2014-05-16 02:53:16'),
       (8, 'text/calendar', '1987-06-03 20:34:12', '1982-04-12 14:56:02'),
       (9, 'application/vnd.kenameaapp', '2012-03-23 18:42:09', '2008-10-15 06:47:59'),
       (10, 'application/x-bittorrent', '2001-05-24 01:01:14', '2009-10-05 17:30:06'),
       (11, 'text/prs.lines.tag', '1975-10-11 07:45:04', '1990-10-05 19:30:15'),
       (12, 'application/vnd.ms-pki.stl', '1993-03-08 13:37:10', '1975-01-06 01:05:01'),
       (13, 'application/x-font-ttf', '2020-08-16 17:50:23', '2008-04-25 22:25:35'),
       (14, 'video/vnd.dece.sd', '1988-05-13 04:54:13', '1973-09-15 18:59:22'),
       (15, 'image/vnd.adobe.photoshop', '1971-07-23 10:15:49', '2002-02-24 16:32:37'),
       (16, 'application/vnd.olpc-sugar', '1992-04-19 11:06:06', '1984-03-18 20:13:56'),
       (17, 'application/vnd.denovo.fcselayout-link', '1983-04-07 10:49:26', '2012-08-19 15:00:54'),
       (18, 'video/x-matroska', '1984-04-05 20:25:37', '1984-06-08 03:54:36'),
       (19, 'application/vnd.uoml+xml', '2013-07-10 08:55:24', '1994-06-23 02:56:56'),
       (20, 'application/x-tex-tfm', '1991-10-21 17:28:25', '2003-02-26 21:43:10'),
       (21, 'application/vnd.dece.data', '1985-02-03 19:53:31', '1970-09-21 12:16:11'),
       (22, 'application/vnd.ms-project', '2017-05-10 06:03:37', '1991-12-05 15:44:32'),
       (23, 'video/x-matroska', '1985-05-06 11:39:15', '2010-11-13 00:13:09'),
       (24, 'application/vnd.epson.msf', '1993-11-12 11:43:42', '1976-09-20 21:12:04'),
       (25, 'application/x-director', '1986-09-20 04:51:43', '2018-01-04 12:39:13'),
       (26, 'application/xml', '2019-03-18 00:59:07', '2019-03-12 19:27:35'),
       (27, 'image/vnd.dxf', '1971-09-07 17:01:02', '1982-10-26 03:39:52'),
       (28, 'application/vnd.lotus-approach', '1990-05-28 09:21:27', '1987-08-22 03:53:42'),
       (29, 'application/x-wais-source', '2021-03-07 02:25:39', '2014-07-31 01:55:56'),
       (30, 'application/vnd.sun.xml.impress.template', '2016-01-01 01:04:51', '1992-01-08 22:55:45'),
       (31, 'application/rdf+xml', '2017-11-12 15:43:24', '1984-09-20 21:12:16'),
       (32, 'video/vnd.uvvu.mp4', '1991-07-17 11:44:48', '1983-04-15 22:00:22'),
       (33, 'text/turtle', '1991-04-19 01:00:03', '1978-01-21 00:11:34'),
       (34, 'application/vnd.visio', '2016-11-25 07:01:04', '1996-06-26 11:48:39'),
       (35, 'application/vnd.uoml+xml', '1984-02-25 17:05:21', '2015-12-08 11:53:53'),
       (36, 'application/vnd.adobe.air-application-installer-package+zip', '1995-04-20 13:49:18',
        '2001-06-10 05:34:11'),
       (37, 'application/x-gca-compressed', '2001-07-06 20:47:16', '1971-10-22 03:22:41'),
       (38, 'application/vnd.dart', '1997-11-14 21:15:45', '1992-06-17 19:47:07'),
       (39, 'image/x-xbitmap', '2017-07-03 22:17:16', '2020-02-01 15:45:39'),
       (40, 'application/x-ms-shortcut', '1997-06-17 17:44:15', '1988-01-05 15:48:54'),
       (41, 'application/vnd.ms-htmlhelp', '2014-06-29 21:31:54', '1994-10-05 14:12:37'),
       (42, 'application/vnd.epson.quickanime', '1977-12-08 13:40:56', '1993-11-13 14:27:00'),
       (43, 'image/x-3ds', '1995-08-28 05:49:11', '1983-11-14 13:23:04'),
       (44, 'image/gif', '1997-11-15 06:39:51', '2017-07-13 17:27:58'),
       (45, 'application/vnd.oasis.opendocument.text-master', '1981-03-14 22:30:00', '2019-05-27 14:08:15'),
       (46, 'text/vnd.fly', '1983-12-03 18:52:30', '1972-05-29 10:10:53'),
       (47, 'image/x-cmx', '1982-04-09 03:24:33', '2006-01-01 20:02:46'),
       (48, 'text/x-vcard', '1976-06-08 04:52:36', '2014-10-04 21:33:26'),
       (49, 'application/vnd.oma.dd2+xml', '1994-07-01 23:01:43', '2015-04-04 13:41:26'),
       (50, 'image/x-icon', '2013-09-11 16:54:19', '2003-08-22 05:46:53'),
       (51, 'video/vnd.dece.hd', '2006-01-31 00:19:39', '1974-08-23 01:43:59'),
       (52, 'audio/adpcm', '1997-05-24 10:06:15', '2006-04-09 07:26:36'),
       (53, 'application/vnd.visionary', '2013-06-07 01:06:18', '1971-10-24 13:31:09'),
       (54, 'application/vnd.sun.xml.draw.template', '1985-06-06 16:09:59', '1994-12-30 14:28:09'),
       (55, 'application/xop+xml', '2021-04-02 15:13:16', '1989-07-19 15:43:28'),
       (56, 'video/x-flv', '1977-05-05 07:29:42', '1995-09-19 16:30:56'),
       (57, 'text/turtle', '2018-11-13 00:28:34', '1979-09-05 17:35:35'),
       (58, 'text/vnd.wap.wml', '1993-07-08 10:51:29', '1993-02-11 10:38:52'),
       (59, 'image/x-cmx', '1975-03-08 08:43:36', '2009-08-30 05:39:10'),
       (60, 'model/x3d+xml', '2010-04-10 22:05:43', '1999-10-15 05:27:05'),
       (61, 'application/vnd.kde.kspread', '2011-09-14 17:04:07', '2007-12-27 20:40:04'),
       (62, 'application/x-shar', '1984-06-18 14:10:02', '1970-07-09 00:32:18'),
       (63, 'text/troff', '1992-08-27 06:12:58', '1981-10-28 20:05:26'),
       (64, 'application/vnd.ibm.secure-container', '1987-10-23 10:53:52', '1982-01-06 07:31:17'),
       (65, 'image/ktx', '2008-03-06 09:01:16', '2005-08-29 13:05:16'),
       (66, 'image/svg+xml', '2011-07-09 06:21:29', '2021-09-01 20:48:19'),
       (67, 'video/h263', '2001-03-30 11:08:13', '1989-07-05 15:57:49'),
       (68, 'application/vnd.shana.informed.formtemplate', '1984-12-14 23:17:49', '1977-12-06 22:25:41'),
       (69, 'image/vnd.dxf', '1970-08-17 04:36:03', '1972-04-24 11:19:57'),
       (70, 'audio/x-pn-realaudio-plugin', '2017-07-11 08:11:07', '1972-05-11 19:49:28'),
       (71, 'application/vnd.immervision-ivp', '1972-09-01 17:58:38', '1976-03-01 03:22:38'),
       (72, 'application/x-ustar', '1975-06-05 01:53:25', '1973-09-18 20:59:15'),
       (73, 'application/vnd.igloader', '2009-05-27 23:50:05', '1993-03-24 19:36:36'),
       (74, 'image/g3fax', '1992-02-09 01:53:53', '2013-03-16 05:57:55'),
       (75, 'application/vnd.umajin', '2004-07-15 16:34:18', '2012-06-26 16:27:33'),
       (76, 'video/vnd.dece.sd', '1973-01-27 12:32:57', '1995-08-04 16:13:29'),
       (77, 'application/yin+xml', '2013-08-04 22:46:55', '2007-03-12 04:40:31'),
       (78, 'application/x-dgc-compressed', '2011-12-31 07:48:07', '2005-07-16 04:10:43'),
       (79, 'application/pgp-encrypted', '1973-01-17 14:06:34', '2001-12-27 13:15:51'),
       (80, 'text/tab-separated-values', '1986-02-01 09:27:22', '1983-10-02 18:02:39'),
       (81, 'application/xop+xml', '1982-10-11 10:33:58', '2016-07-09 23:53:25'),
       (82, 'model/iges', '2019-05-04 12:55:59', '1995-06-09 08:18:36'),
       (83, 'application/vnd.sun.xml.impress', '2007-05-19 02:23:51', '2018-07-02 08:24:47'),
       (84, 'application/x-glulx', '1993-09-06 13:58:24', '2009-03-09 21:35:07'),
       (85, 'application/x-xz', '2008-03-28 05:44:39', '1984-11-02 05:54:14'),
       (86, 'application/vnd.oasis.opendocument.spreadsheet-template', '1996-04-28 22:32:35', '1971-02-17 00:30:42'),
       (87, 'application/vnd.ms-word.document.macroenabled.12', '1993-01-29 13:59:17', '2003-09-26 22:39:36'),
       (88, 'application/x-subrip', '2003-02-19 14:18:14', '2004-12-31 07:29:48'),
       (89, 'audio/vnd.dece.audio', '2007-10-31 21:51:29', '2009-04-04 00:17:54'),
       (90, 'image/vnd.fujixerox.edmics-rlc', '2007-12-31 17:42:08', '2010-12-15 10:14:19'),
       (91, 'video/vnd.fvt', '1976-02-16 15:07:38', '1984-12-22 19:21:16'),
       (92, 'application/x-gtar', '2019-06-14 06:10:16', '2017-10-29 09:45:15'),
       (93, 'application/vnd.oasis.opendocument.text-web', '1970-11-21 07:38:22', '1994-11-13 20:25:02'),
       (94, 'application/vnd.ms-word.template.macroenabled.12', '1970-05-15 00:05:39', '1993-12-17 16:47:55'),
       (95, 'application/x-shar', '2009-05-20 02:01:42', '2014-10-02 08:44:31'),
       (96, 'video/3gpp2', '1993-09-26 07:22:08', '2019-06-03 00:15:45'),
       (97, 'application/vnd.openxmlformats-officedocument.presentationml.slide', '1986-08-23 11:48:48',
        '2004-07-19 16:07:34'),
       (98, 'application/vnd.ms-htmlhelp', '1980-02-09 10:26:57', '1977-11-19 20:27:56'),
       (99, 'application/x-xfig', '1972-06-01 06:07:31', '1972-07-05 20:37:41'),
       (100, 'application/vnd.openxmlformats-officedocument.presentationml.slide', '2002-03-27 13:34:44',
        '2008-05-27 21:11:28');

INSERT INTO `media` (`id`, `media_type_id`, `user_id`, `body`, `filename`, `size`, `metadata`, `created_at`,
                     `updated_at`)
VALUES ('1', '1', '201',
        'Soluta suscipit autem voluptatem similique culpa cumque officiis. Vero sit tenetur accusantium animi laudantium molestiae. Tempora doloremque mollitia dicta qui.',
        'dignissimos', 1575192, NULL, '2009-05-09 07:25:48', '1994-12-05 00:23:22');
INSERT INTO `media` (`id`, `media_type_id`, `user_id`, `body`, `filename`, `size`, `metadata`, `created_at`,
                     `updated_at`)
VALUES ('2', '2', '201',
        'Et voluptates voluptatum iusto qui ipsum sunt. Atque cum magnam odit voluptas sunt nisi. Modi quibusdam corporis molestias quibusdam quae dolor.',
        'tempora', 5858132, NULL, '2016-10-03 09:52:16', '1975-01-30 06:04:24');
INSERT INTO `media` (`id`, `media_type_id`, `user_id`, `body`, `filename`, `size`, `metadata`, `created_at`,
                     `updated_at`)
VALUES ('3', '3', '201',
        'Deserunt maxime odit quibusdam soluta quos natus neque et. Est ipsam architecto dolores sunt exercitationem sed. Nostrum harum quo corporis similique officiis omnis. Sit impedit commodi adipisci minus ut.',
        'minima', 458, NULL, '1984-05-12 14:35:26', '1995-06-11 19:03:14');
INSERT INTO `media` (`id`, `media_type_id`, `user_id`, `body`, `filename`, `size`, `metadata`, `created_at`,
                     `updated_at`)
VALUES ('4', '4', '205',
        'Vel quia tempora commodi enim ut tempora. Rerum earum voluptatem iusto nisi. Nobis autem est temporibus. Odio cupiditate ipsum cumque. Illum repellat rerum exercitationem reiciendis ratione et.',
        'reprehenderit', 49748695, NULL, '1990-08-31 19:55:13', '1989-02-28 11:42:43');
INSERT INTO `media` (`id`, `media_type_id`, `user_id`, `body`, `filename`, `size`, `metadata`, `created_at`,
                     `updated_at`)
VALUES ('5', '5', '208', 'Nobis sit repellat eum optio. Nobis ut facilis earum fuga esse non rerum voluptatem.',
        'fugit', 458679903, NULL, '1975-01-07 04:48:17', '2007-10-06 08:24:43');
INSERT INTO `media` (`id`, `media_type_id`, `user_id`, `body`, `filename`, `size`, `metadata`, `created_at`,
                     `updated_at`)
VALUES ('6', '6', '209',
        'Assumenda delectus quas et repellendus et qui nesciunt. Fuga dolorem voluptate est. Hic odit autem veritatis vitae est eveniet.',
        'laudantium', 4640, NULL, '1995-11-28 09:32:45', '2006-07-27 06:24:39');
INSERT INTO `media` (`id`, `media_type_id`, `user_id`, `body`, `filename`, `size`, `metadata`, `created_at`,
                     `updated_at`)
VALUES ('7', '7', '212',
        'Provident nesciunt vitae laborum nisi. Similique quasi incidunt et explicabo provident quibusdam hic velit. Dolor ratione harum corrupti ratione.',
        'veritatis', 993564530, NULL, '2001-12-24 12:57:01', '2020-12-18 22:42:52');
INSERT INTO `media` (`id`, `media_type_id`, `user_id`, `body`, `filename`, `size`, `metadata`, `created_at`,
                     `updated_at`)
VALUES ('8', '8', '214',
        'Dolorem et et alias quod eos. Ipsam deserunt nesciunt labore occaecati voluptas. Vitae possimus voluptas sit quidem tenetur quam nisi aut. Qui consequatur est quia aut delectus quas.',
        'rerum', 911827439, NULL, '1996-11-08 17:16:03', '1972-03-06 11:33:25');
INSERT INTO `media` (`id`, `media_type_id`, `user_id`, `body`, `filename`, `size`, `metadata`, `created_at`,
                     `updated_at`)
VALUES ('9', '9', '215',
        'Ipsa deleniti sit et officia. Enim quo qui tempore sapiente laudantium nostrum sint. Ut ipsam aut eaque.',
        'doloribus', 739354938, NULL, '1977-08-02 19:04:02', '1988-12-28 21:11:24');
INSERT INTO `media` (`id`, `media_type_id`, `user_id`, `body`, `filename`, `size`, `metadata`, `created_at`,
                     `updated_at`)
VALUES ('10', '10', '216',
        'Dolor provident suscipit libero molestiae et ipsum ipsa tenetur. Corporis impedit esse dolores et ducimus ut voluptatem. Dolores perferendis est libero corporis omnis eius repellat.',
        'velit', 452, NULL, '1973-12-01 20:32:46', '1999-10-20 10:01:25');
INSERT INTO `media` (`id`, `media_type_id`, `user_id`, `body`, `filename`, `size`, `metadata`, `created_at`,
                     `updated_at`)
VALUES ('11', '11', '217',
        'Assumenda error modi accusantium molestiae. Qui quia officiis rerum ipsam mollitia autem totam. Eaque voluptatem voluptas libero perspiciatis. Facilis doloremque quia nihil eveniet excepturi.',
        'cum', 55285851, NULL, '2015-12-10 03:00:44', '1999-11-30 03:35:27');
INSERT INTO `media` (`id`, `media_type_id`, `user_id`, `body`, `filename`, `size`, `metadata`, `created_at`,
                     `updated_at`)
VALUES ('12', '12', '218',
        'Reiciendis consequatur veritatis iure sint animi libero. Dignissimos vel excepturi et officia quae. Nesciunt pariatur blanditiis consequuntur sunt eum culpa ab.',
        'repudiandae', 1, NULL, '1998-10-29 20:51:02', '2018-09-01 18:12:28');
INSERT INTO `media` (`id`, `media_type_id`, `user_id`, `body`, `filename`, `size`, `metadata`, `created_at`,
                     `updated_at`)
VALUES ('13', '13', '219',
        'Quam officia dolor ipsa in consequuntur. Dolorem consequatur ea architecto nostrum impedit qui quasi nobis. Est deserunt magnam temporibus nihil dolore placeat eius. Sint et rerum aliquid excepturi.',
        'ratione', 4333909, NULL, '1985-10-03 11:04:35', '1988-11-09 02:50:00');
INSERT INTO `media` (`id`, `media_type_id`, `user_id`, `body`, `filename`, `size`, `metadata`, `created_at`,
                     `updated_at`)
VALUES ('14', '14', '220',
        'Minus quia optio qui et et. Doloremque et natus aspernatur nihil perspiciatis natus. Voluptas quibusdam rerum voluptas adipisci ducimus ea.',
        'qui', 95, NULL, '1994-03-13 16:56:49', '1975-10-01 11:31:58');
INSERT INTO `media` (`id`, `media_type_id`, `user_id`, `body`, `filename`, `size`, `metadata`, `created_at`,
                     `updated_at`)
VALUES ('15', '15', '221',
        'Est excepturi aut consequatur. Dolorem id iusto inventore voluptatem. Sit illum aut optio voluptatem quas earum. Suscipit nostrum eum reiciendis omnis.',
        'fugit', 4476708, NULL, '2013-09-29 11:53:09', '1984-03-01 07:46:06');
INSERT INTO `media` (`id`, `media_type_id`, `user_id`, `body`, `filename`, `size`, `metadata`, `created_at`,
                     `updated_at`)
VALUES ('16', '16', '222',
        'Enim neque rem eos. Suscipit maiores unde amet quo cumque quam exercitationem. Non reiciendis ut at veritatis ut inventore.',
        'rerum', 6, NULL, '2016-01-04 04:22:27', '1991-06-03 15:28:49');
INSERT INTO `media` (`id`, `media_type_id`, `user_id`, `body`, `filename`, `size`, `metadata`, `created_at`,
                     `updated_at`)
VALUES ('17', '17', '223', 'Quia magni rem vel sit et vero. Occaecati eum qui odit delectus aut.', 'qui', 0, NULL,
        '2008-02-23 17:12:59', '1980-06-12 13:26:05');
INSERT INTO `media` (`id`, `media_type_id`, `user_id`, `body`, `filename`, `size`, `metadata`, `created_at`,
                     `updated_at`)
VALUES ('18', '18', '224', 'Molestiae suscipit quia numquam velit possimus. Et quod suscipit id.', 'ipsam', 7, NULL,
        '1988-06-18 07:50:25', '2004-11-08 19:44:02');
INSERT INTO `media` (`id`, `media_type_id`, `user_id`, `body`, `filename`, `size`, `metadata`, `created_at`,
                     `updated_at`)
VALUES ('19', '19', '227',
        'Quibusdam neque sit qui modi. Unde et provident molestiae harum ea est at. Consequatur sequi in veritatis voluptatem et aut. Ex expedita voluptatem magni quia neque voluptatem laudantium voluptatem. At consequuntur quaerat voluptatem sunt.',
        'consectetur', 157255587, NULL, '2007-03-29 17:30:56', '2002-06-01 04:41:45');
INSERT INTO `media` (`id`, `media_type_id`, `user_id`, `body`, `filename`, `size`, `metadata`, `created_at`,
                     `updated_at`)
VALUES ('20', '20', '228',
        'Atque quas veritatis provident et est. Enim molestiae aspernatur odit qui aut consequatur expedita. Reiciendis dolores nulla cum distinctio in deleniti nam.',
        'cum', 2, NULL, '2009-05-21 21:58:30', '2020-08-13 01:16:23');
INSERT INTO `media` (`id`, `media_type_id`, `user_id`, `body`, `filename`, `size`, `metadata`, `created_at`,
                     `updated_at`)
VALUES ('21', '21', '230',
        'Est sit labore sed porro ad. Enim quia nam praesentium voluptatem commodi nulla a. Nobis ut odio impedit voluptatem fugiat. Enim harum tempore neque tenetur.',
        'rerum', 739, NULL, '2004-03-21 12:46:07', '1973-11-14 14:54:29');
INSERT INTO `media` (`id`, `media_type_id`, `user_id`, `body`, `filename`, `size`, `metadata`, `created_at`,
                     `updated_at`)
VALUES ('22', '22', '234',
        'Et expedita necessitatibus et et quo. Quia ut non tempore debitis occaecati. Debitis excepturi modi iusto corrupti sed illum dolorem. In omnis qui sunt.',
        'voluptatem', 5420, NULL, '2010-03-15 07:20:17', '1983-12-04 10:35:49');
INSERT INTO `media` (`id`, `media_type_id`, `user_id`, `body`, `filename`, `size`, `metadata`, `created_at`,
                     `updated_at`)
VALUES ('23', '23', '236',
        'Nihil alias sed aspernatur occaecati quia. Eum qui et molestiae sunt. Repudiandae quia officiis ut qui.',
        'voluptatem', 0, NULL, '2007-02-24 03:45:53', '2020-05-05 06:03:31');
INSERT INTO `media` (`id`, `media_type_id`, `user_id`, `body`, `filename`, `size`, `metadata`, `created_at`,
                     `updated_at`)
VALUES ('24', '24', '237',
        'Et vitae odit suscipit et possimus sequi. Sit quas quibusdam minima exercitationem et. Doloribus aut eum ut alias quidem voluptatibus.',
        'hic', 8, NULL, '1983-05-24 05:44:08', '1971-10-24 11:13:15');
INSERT INTO `media` (`id`, `media_type_id`, `user_id`, `body`, `filename`, `size`, `metadata`, `created_at`,
                     `updated_at`)
VALUES ('25', '25', '239',
        'Reiciendis ut repudiandae et omnis non dolores est veniam. Aut asperiores ut culpa sunt optio eius et sequi. Ad et at explicabo alias.',
        'atque', 374280366, NULL, '2019-08-08 04:32:32', '2017-08-06 06:57:22');
INSERT INTO `media` (`id`, `media_type_id`, `user_id`, `body`, `filename`, `size`, `metadata`, `created_at`,
                     `updated_at`)
VALUES ('26', '26', '240', 'Tempore dolor architecto et adipisci et. Atque et vero est et corrupti.', 'sapiente', 1,
        NULL, '1989-03-21 05:43:18', '1995-09-22 13:20:05');
INSERT INTO `media` (`id`, `media_type_id`, `user_id`, `body`, `filename`, `size`, `metadata`, `created_at`,
                     `updated_at`)
VALUES ('27', '27', '243',
        'Non molestias vel ut eligendi voluptates voluptatem consequatur laudantium. Quis doloremque a optio sunt. Laborum ut est tenetur aut sunt rem. Aliquid sit enim placeat mollitia ea nam vitae pariatur.',
        'sit', 69, NULL, '1989-07-03 12:34:19', '2004-03-19 15:27:40');
INSERT INTO `media` (`id`, `media_type_id`, `user_id`, `body`, `filename`, `size`, `metadata`, `created_at`,
                     `updated_at`)
VALUES ('28', '28', '244',
        'Ut iste aut omnis eveniet ut quasi ut ratione. Aliquam sed ut tempora quia nesciunt labore. Fuga hic modi quasi expedita quis inventore dolorem eveniet.',
        'et', 0, NULL, '1979-12-02 09:36:51', '2011-04-11 18:12:54');
INSERT INTO `media` (`id`, `media_type_id`, `user_id`, `body`, `filename`, `size`, `metadata`, `created_at`,
                     `updated_at`)
VALUES ('29', '29', '245',
        'Temporibus tenetur ut voluptates impedit aut aperiam. Excepturi quia qui atque vero esse minus quas.', 'et',
        92677, NULL, '2008-12-28 21:47:59', '2010-02-26 20:29:23');
INSERT INTO `media` (`id`, `media_type_id`, `user_id`, `body`, `filename`, `size`, `metadata`, `created_at`,
                     `updated_at`)
VALUES ('30', '30', '247',
        'Quis ex repellendus eaque totam ratione perferendis sed. Aliquam ut sed accusamus est sapiente et voluptates. Aut odit vero tempore consequatur quia dolor. Quis aut nisi molestiae mollitia.',
        'ut', 68188, NULL, '1990-07-28 09:41:13', '2020-01-12 07:15:39');
INSERT INTO `media` (`id`, `media_type_id`, `user_id`, `body`, `filename`, `size`, `metadata`, `created_at`,
                     `updated_at`)
VALUES ('31', '31', '248',
        'Illo eligendi corrupti earum voluptas. Debitis quo ullam blanditiis. Sed aperiam nulla eligendi qui odio soluta. Voluptates explicabo error consectetur illo aspernatur quisquam.',
        'atque', 17449963, NULL, '1970-10-19 23:57:22', '1988-01-18 23:15:31');
INSERT INTO `media` (`id`, `media_type_id`, `user_id`, `body`, `filename`, `size`, `metadata`, `created_at`,
                     `updated_at`)
VALUES ('32', '32', '249',
        'Omnis ullam explicabo accusantium aperiam repellendus non. Quas cupiditate quia omnis est qui explicabo nam.',
        'non', 41, NULL, '2000-02-11 15:56:56', '1981-11-30 00:58:56');
INSERT INTO `media` (`id`, `media_type_id`, `user_id`, `body`, `filename`, `size`, `metadata`, `created_at`,
                     `updated_at`)
VALUES ('33', '33', '250',
        'Vel voluptatem qui rerum dolores molestiae. A suscipit impedit exercitationem adipisci placeat. Voluptas accusantium culpa ut quisquam sunt perspiciatis.',
        'voluptatum', 265, NULL, '2020-05-20 17:53:24', '2013-11-25 00:34:50');
INSERT INTO `media` (`id`, `media_type_id`, `user_id`, `body`, `filename`, `size`, `metadata`, `created_at`,
                     `updated_at`)
VALUES ('34', '34', '251',
        'Veniam et eum est dolor ratione deleniti distinctio. Consequatur non recusandae voluptate velit quaerat aspernatur quibusdam. Aut eligendi eos dolorum qui earum quia commodi. Odit quo est non laboriosam. Mollitia dolorem velit non non molestiae ut.',
        'dolorem', 893395, NULL, '2013-02-16 22:49:33', '1984-02-26 19:21:55');
INSERT INTO `media` (`id`, `media_type_id`, `user_id`, `body`, `filename`, `size`, `metadata`, `created_at`,
                     `updated_at`)
VALUES ('35', '35', '252',
        'Aut recusandae voluptatem facilis id necessitatibus impedit suscipit. Nihil blanditiis qui consequatur totam animi ut. Magnam iste id maxime quis provident. Ipsa soluta vel ea eligendi nihil consectetur voluptatem. Officia magni illum qui dolorem odit ex.',
        'consequatur', 411883, NULL, '2013-05-19 01:47:30', '1974-09-01 07:11:11');
INSERT INTO `media` (`id`, `media_type_id`, `user_id`, `body`, `filename`, `size`, `metadata`, `created_at`,
                     `updated_at`)
VALUES ('36', '36', '255',
        'Repellat suscipit aut harum doloribus quia dignissimos. Est deserunt est eum commodi. Explicabo aliquid doloremque nesciunt omnis nihil corrupti consequuntur.',
        'asperiores', 9502, NULL, '1988-09-11 03:26:33', '1997-05-01 07:25:18');
INSERT INTO `media` (`id`, `media_type_id`, `user_id`, `body`, `filename`, `size`, `metadata`, `created_at`,
                     `updated_at`)
VALUES ('37', '37', '256',
        'Et quod itaque a ipsa temporibus tenetur. Itaque ut dolore culpa laborum molestiae. Ut labore voluptas laudantium atque totam accusamus culpa. Ex illo et eligendi delectus odit et quam.',
        'neque', 1, NULL, '2012-05-21 01:04:02', '2009-10-30 17:16:47');
INSERT INTO `media` (`id`, `media_type_id`, `user_id`, `body`, `filename`, `size`, `metadata`, `created_at`,
                     `updated_at`)
VALUES ('38', '38', '257',
        'Placeat fugiat officia modi earum illo. Et aut fugiat quia nam sit rerum a enim. Qui hic porro nobis. Aperiam quidem consequatur temporibus nesciunt animi eum qui.',
        'cupiditate', 0, NULL, '1970-01-20 07:03:28', '1977-05-27 06:17:45');
INSERT INTO `media` (`id`, `media_type_id`, `user_id`, `body`, `filename`, `size`, `metadata`, `created_at`,
                     `updated_at`)
VALUES ('39', '39', '258',
        'Quo atque saepe et explicabo libero ea. Eligendi ullam eveniet sint similique expedita rerum distinctio. Quod molestiae qui impedit magni veritatis.',
        'voluptatum', 0, NULL, '1971-11-18 04:48:27', '1989-01-21 15:31:46');
INSERT INTO `media` (`id`, `media_type_id`, `user_id`, `body`, `filename`, `size`, `metadata`, `created_at`,
                     `updated_at`)
VALUES ('40', '40', '259',
        'Fuga praesentium porro ea ullam quia animi doloremque. Vel enim molestiae fugiat mollitia rerum porro quis. Occaecati et ullam amet qui ut sit.',
        'praesentium', 99, NULL, '2011-09-23 10:32:03', '1980-08-23 14:43:41');
INSERT INTO `media` (`id`, `media_type_id`, `user_id`, `body`, `filename`, `size`, `metadata`, `created_at`,
                     `updated_at`)
VALUES ('41', '41', '260',
        'Veniam labore ut repudiandae. Pariatur quaerat impedit incidunt provident. Et odio autem eum quae sint doloremque. Sint soluta alias ut sint.',
        'odio', 31959345, NULL, '2003-02-10 21:18:00', '1976-01-22 19:13:44');
INSERT INTO `media` (`id`, `media_type_id`, `user_id`, `body`, `filename`, `size`, `metadata`, `created_at`,
                     `updated_at`)
VALUES ('42', '42', '261',
        'Voluptate ad id numquam aut asperiores odit. Vel architecto dolorem nam rerum. Earum praesentium magnam rerum dolorum quod perferendis doloremque saepe.',
        'assumenda', 1928348, NULL, '1994-01-06 19:19:46', '1995-06-09 10:08:47');
INSERT INTO `media` (`id`, `media_type_id`, `user_id`, `body`, `filename`, `size`, `metadata`, `created_at`,
                     `updated_at`)
VALUES ('43', '43', '262',
        'Maiores ut eos officiis eaque rem molestias officia. Quaerat possimus a eos ut maiores. Consequatur hic eius velit aut. Sed aut suscipit voluptas sint eos in aut.',
        'est', 0, NULL, '1976-02-12 14:54:11', '1990-06-25 09:09:40');
INSERT INTO `media` (`id`, `media_type_id`, `user_id`, `body`, `filename`, `size`, `metadata`, `created_at`,
                     `updated_at`)
VALUES ('44', '44', '263',
        'Ut est a velit et. Quas quia quo quam ut aliquid repudiandae. Est doloremque nobis voluptatem sit quam et necessitatibus sit.',
        'quam', 1, NULL, '2012-07-26 21:32:24', '1983-05-21 21:42:26');
INSERT INTO `media` (`id`, `media_type_id`, `user_id`, `body`, `filename`, `size`, `metadata`, `created_at`,
                     `updated_at`)
VALUES ('45', '45', '264',
        'Iure voluptas tempore culpa suscipit quos quibusdam. Quisquam voluptas iure non non repudiandae sequi consequatur. Hic in aut quia quaerat in. Eligendi velit quis libero.',
        'vel', 0, NULL, '1979-03-21 14:20:07', '2013-05-05 07:54:51');
INSERT INTO `media` (`id`, `media_type_id`, `user_id`, `body`, `filename`, `size`, `metadata`, `created_at`,
                     `updated_at`)
VALUES ('46', '46', '266',
        'Vitae perspiciatis eum hic quibusdam sed quibusdam impedit. Suscipit quasi nihil earum molestiae. Ex culpa pariatur qui repudiandae possimus amet.',
        'velit', 0, NULL, '1970-01-28 06:23:02', '2011-08-29 04:50:25');
INSERT INTO `media` (`id`, `media_type_id`, `user_id`, `body`, `filename`, `size`, `metadata`, `created_at`,
                     `updated_at`)
VALUES ('47', '47', '268',
        'Molestias perferendis eum est nesciunt porro. Omnis quia optio id est perspiciatis. Accusamus aspernatur aut inventore quo minima non et. Reiciendis temporibus laborum excepturi laborum. Sed sint saepe sint a et quasi.',
        'alias', 5527, NULL, '2008-01-20 02:12:34', '1998-08-25 00:57:39');
INSERT INTO `media` (`id`, `media_type_id`, `user_id`, `body`, `filename`, `size`, `metadata`, `created_at`,
                     `updated_at`)
VALUES ('48', '48', '270',
        'Sed numquam nihil aut nesciunt et quo corporis. Non quia magnam omnis assumenda facilis laudantium. Ipsum exercitationem ea deleniti fugit non. Voluptas placeat in dolore quas totam ea a. Sint sapiente deserunt qui perspiciatis dolore officiis.',
        'nobis', 731081, NULL, '1980-10-22 13:13:49', '2013-11-18 10:08:26');
INSERT INTO `media` (`id`, `media_type_id`, `user_id`, `body`, `filename`, `size`, `metadata`, `created_at`,
                     `updated_at`)
VALUES ('49', '49', '271',
        'Deleniti perferendis vel in. Saepe delectus ut ex eligendi repudiandae molestias. Minima laboriosam consectetur ex dolores aliquam officia. Culpa quidem architecto reiciendis placeat.',
        'qui', 502, NULL, '1998-02-28 12:04:41', '2002-03-10 12:01:21');
INSERT INTO `media` (`id`, `media_type_id`, `user_id`, `body`, `filename`, `size`, `metadata`, `created_at`,
                     `updated_at`)
VALUES ('50', '50', '272',
        'Et voluptas dignissimos mollitia ipsum rerum tempore id. Amet et placeat corporis veniam voluptas cumque. Quod quos quis ad in repellendus qui dolores.',
        'fugiat', 76899287, NULL, '2017-12-17 12:28:42', '1995-12-09 12:55:39');
INSERT INTO `media` (`id`, `media_type_id`, `user_id`, `body`, `filename`, `size`, `metadata`, `created_at`,
                     `updated_at`)
VALUES ('51', '51', '274',
        'Quod sint odit veniam aspernatur. Reprehenderit sunt quod enim perferendis dolores est laborum voluptatem. Similique molestias quis culpa aut nisi.',
        'distinctio', 77858935, NULL, '1984-09-10 23:04:39', '2015-07-08 20:47:05');
INSERT INTO `media` (`id`, `media_type_id`, `user_id`, `body`, `filename`, `size`, `metadata`, `created_at`,
                     `updated_at`)
VALUES ('52', '52', '275',
        'Hic omnis aut non excepturi aut officiis quisquam illum. Sed odit soluta pariatur deleniti sed ex.', 'aut',
        2943231, NULL, '1982-03-05 00:18:55', '1974-11-11 04:49:04');
INSERT INTO `media` (`id`, `media_type_id`, `user_id`, `body`, `filename`, `size`, `metadata`, `created_at`,
                     `updated_at`)
VALUES ('53', '53', '276',
        'Quia commodi ut non sunt assumenda repellendus. Nihil ea laborum id atque explicabo ipsam. Nisi omnis recusandae facilis nihil odit.',
        'amet', 64661, NULL, '1971-11-29 07:10:48', '1979-05-14 19:29:26');
INSERT INTO `media` (`id`, `media_type_id`, `user_id`, `body`, `filename`, `size`, `metadata`, `created_at`,
                     `updated_at`)
VALUES ('54', '54', '280',
        'Aspernatur quisquam dolor est reiciendis numquam. A nam voluptatem consequatur. Maxime eos eaque assumenda facere. Aperiam sequi eos id ex nesciunt nam.',
        'velit', 709778407, NULL, '1996-08-15 10:27:31', '1985-07-03 13:15:20');
INSERT INTO `media` (`id`, `media_type_id`, `user_id`, `body`, `filename`, `size`, `metadata`, `created_at`,
                     `updated_at`)
VALUES ('55', '55', '282',
        'Id et dolorem dolore vitae nihil quisquam. Rem qui asperiores quia consectetur. Voluptatem maiores sint harum voluptatibus. Quae corrupti illo facere ut in et voluptas.',
        'consectetur', 318699630, NULL, '1971-06-05 18:17:43', '2004-11-13 12:24:19');
INSERT INTO `media` (`id`, `media_type_id`, `user_id`, `body`, `filename`, `size`, `metadata`, `created_at`,
                     `updated_at`)
VALUES ('56', '56', '283',
        'Dolore dolorem molestiae officia adipisci quis ut praesentium ipsum. Commodi eligendi facere qui. Debitis et aut aspernatur. Dignissimos beatae quam explicabo nihil.',
        'ut', 80320, NULL, '1991-10-31 20:39:13', '2016-09-08 08:43:20');
INSERT INTO `media` (`id`, `media_type_id`, `user_id`, `body`, `filename`, `size`, `metadata`, `created_at`,
                     `updated_at`)
VALUES ('57', '57', '285',
        'Incidunt ea eligendi sed eaque laudantium magni. Odio quas fugiat itaque aut. Est ad aperiam est harum. Odio atque ex qui.',
        'veniam', 1664, NULL, '1973-09-15 06:25:48', '1998-11-25 07:47:30');
INSERT INTO `media` (`id`, `media_type_id`, `user_id`, `body`, `filename`, `size`, `metadata`, `created_at`,
                     `updated_at`)
VALUES ('58', '58', '286',
        'Et tenetur asperiores odit cupiditate velit. Nulla ut est eum reiciendis sint. In voluptates omnis assumenda. Esse quis corporis molestias velit veniam recusandae esse.',
        'eveniet', 0, NULL, '1973-09-09 19:57:11', '1997-08-02 02:48:34');
INSERT INTO `media` (`id`, `media_type_id`, `user_id`, `body`, `filename`, `size`, `metadata`, `created_at`,
                     `updated_at`)
VALUES ('59', '59', '290',
        'Accusamus sed ea tenetur sint consequuntur qui nesciunt. Aliquam consequatur vel nemo est. Possimus optio non maxime maxime voluptatem. Culpa qui error exercitationem qui repellat. Quo a blanditiis perspiciatis molestiae et nobis enim.',
        'harum', 37756, NULL, '2009-09-18 03:59:10', '1985-03-24 01:53:26');
INSERT INTO `media` (`id`, `media_type_id`, `user_id`, `body`, `filename`, `size`, `metadata`, `created_at`,
                     `updated_at`)
VALUES ('60', '60', '291',
        'Porro consequuntur error quos suscipit. Sunt a qui nulla suscipit. Suscipit sed consectetur dolores eveniet et mollitia in.',
        'officiis', 0, NULL, '2017-08-07 12:10:25', '1977-07-06 15:55:06');
INSERT INTO `media` (`id`, `media_type_id`, `user_id`, `body`, `filename`, `size`, `metadata`, `created_at`,
                     `updated_at`)
VALUES ('61', '61', '292',
        'Cum quos vel omnis culpa et et a. Tenetur nesciunt repellat dicta et. Qui distinctio in explicabo sapiente ab delectus magni.',
        'neque', 814, NULL, '1989-10-21 10:43:09', '1974-06-18 20:38:28');
INSERT INTO `media` (`id`, `media_type_id`, `user_id`, `body`, `filename`, `size`, `metadata`, `created_at`,
                     `updated_at`)
VALUES ('62', '62', '293',
        'Minima qui nobis laboriosam nihil. Ut nulla dolorum sunt aspernatur quidem. Corporis ratione eligendi aperiam et odit aut officiis. Nostrum accusamus vero vel perspiciatis ut. Quo ut pariatur commodi id quibusdam est commodi nam.',
        'fugit', 4357, NULL, '1980-03-03 09:11:43', '2005-01-20 08:02:39');
INSERT INTO `media` (`id`, `media_type_id`, `user_id`, `body`, `filename`, `size`, `metadata`, `created_at`,
                     `updated_at`)
VALUES ('63', '63', '294',
        'Quibusdam beatae voluptate sit. Aliquid rerum ad ut aliquam. Rem dolores nulla et autem quia.', 'non',
        56982848, NULL, '2001-04-07 23:34:54', '1996-12-26 11:25:09');
INSERT INTO `media` (`id`, `media_type_id`, `user_id`, `body`, `filename`, `size`, `metadata`, `created_at`,
                     `updated_at`)
VALUES ('64', '64', '295',
        'Dolor est aspernatur quae cupiditate perferendis dolorem non explicabo. Dolores qui architecto aliquid quo repellat rerum quaerat veniam. Eos aperiam ut ad omnis quia est molestias. In est laboriosam et assumenda quibusdam iure.',
        'aperiam', 3735223, NULL, '1981-05-30 10:06:04', '1975-08-06 08:01:53');
INSERT INTO `media` (`id`, `media_type_id`, `user_id`, `body`, `filename`, `size`, `metadata`, `created_at`,
                     `updated_at`)
VALUES ('65', '65', '297',
        'Impedit et excepturi quibusdam ab. Magni qui cum sapiente ipsum porro quasi quo. Asperiores cupiditate sed saepe delectus. Voluptas quisquam sed sit natus vero.',
        'nobis', 961696, NULL, '1978-07-04 23:01:52', '2002-12-19 06:13:09');
INSERT INTO `media` (`id`, `media_type_id`, `user_id`, `body`, `filename`, `size`, `metadata`, `created_at`,
                     `updated_at`)
VALUES ('66', '66', '298',
        'Quis saepe eius minima reiciendis. Maxime voluptatem dolor qui et commodi et id. Sit error magni distinctio aliquid in.',
        'quis', 13, NULL, '1991-09-29 17:49:12', '1997-09-26 23:14:05');
INSERT INTO `media` (`id`, `media_type_id`, `user_id`, `body`, `filename`, `size`, `metadata`, `created_at`,
                     `updated_at`)
VALUES ('67', '67', '300',
        'Aut quae atque qui sint saepe ratione. Atque sunt dolore et et excepturi dolores in laudantium. Ipsum maiores provident nihil.',
        'voluptatem', 79511, NULL, '2008-02-12 07:16:38', '2014-11-03 10:23:41');
INSERT INTO `media` (`id`, `media_type_id`, `user_id`, `body`, `filename`, `size`, `metadata`, `created_at`,
                     `updated_at`)
VALUES ('68', '68', '301', 'Adipisci deleniti illo sit minima excepturi eos. Facere aut culpa reprehenderit nesciunt.',
        'minima', 2706, NULL, '1985-01-01 07:26:34', '2019-09-04 09:15:50');
INSERT INTO `media` (`id`, `media_type_id`, `user_id`, `body`, `filename`, `size`, `metadata`, `created_at`,
                     `updated_at`)
VALUES ('69', '69', '303',
        'Dicta et quas ad eum voluptatem aspernatur et. Modi et omnis sunt dolore. Et magnam nulla quibusdam occaecati officiis voluptas. Nemo doloribus doloremque necessitatibus sunt dolor.',
        'consequatur', 1, NULL, '2004-10-26 16:56:38', '2017-02-24 13:41:53');
INSERT INTO `media` (`id`, `media_type_id`, `user_id`, `body`, `filename`, `size`, `metadata`, `created_at`,
                     `updated_at`)
VALUES ('70', '70', '305',
        'Fugit ab sapiente praesentium consequuntur et ipsum voluptate. Accusamus quia molestias molestiae velit minus. Delectus iste sit ut et eum quia. Exercitationem qui ut quasi aut et molestiae repellendus.',
        'voluptas', 342, NULL, '1982-10-04 18:15:26', '1987-08-17 13:39:54');
INSERT INTO `media` (`id`, `media_type_id`, `user_id`, `body`, `filename`, `size`, `metadata`, `created_at`,
                     `updated_at`)
VALUES ('71', '71', '306',
        'Iste laudantium omnis est ratione modi cum. Et reiciendis et maiores. Quo dolorem quibusdam est quibusdam aliquam perspiciatis illum.',
        'natus', 1074, NULL, '1982-05-09 13:22:56', '2016-04-12 22:58:55');
INSERT INTO `media` (`id`, `media_type_id`, `user_id`, `body`, `filename`, `size`, `metadata`, `created_at`,
                     `updated_at`)
VALUES ('72', '72', '307',
        'Sed facere facilis maxime voluptate cumque a adipisci. Iure assumenda deserunt nesciunt blanditiis. Eius quaerat corporis reprehenderit praesentium quisquam omnis non.',
        'quaerat', 8779, NULL, '2020-04-02 18:21:38', '1995-10-14 22:31:07');
INSERT INTO `media` (`id`, `media_type_id`, `user_id`, `body`, `filename`, `size`, `metadata`, `created_at`,
                     `updated_at`)
VALUES ('73', '73', '309',
        'Commodi sint fugiat tempora est. Ratione nulla enim non qui voluptatibus vitae quo. Et quia dolor dicta quis dolorem consequatur. Nemo libero fugiat accusamus veniam culpa velit.',
        'corrupti', 80421, NULL, '1980-04-02 16:36:43', '1971-03-28 07:29:14');
INSERT INTO `media` (`id`, `media_type_id`, `user_id`, `body`, `filename`, `size`, `metadata`, `created_at`,
                     `updated_at`)
VALUES ('74', '74', '311',
        'Fugiat dolorem repellendus magni aut. Inventore et sed et perspiciatis qui doloribus molestiae. Saepe enim sed nulla sint.',
        'harum', 8, NULL, '1979-02-10 18:36:10', '1974-11-27 16:12:31');
INSERT INTO `media` (`id`, `media_type_id`, `user_id`, `body`, `filename`, `size`, `metadata`, `created_at`,
                     `updated_at`)
VALUES ('75', '75', '314', 'Ea maiores voluptatem aut. Quibusdam culpa quod et iure deserunt labore earum enim.',
        'totam', 5, NULL, '1998-07-10 03:21:41', '2008-06-24 06:39:26');
INSERT INTO `media` (`id`, `media_type_id`, `user_id`, `body`, `filename`, `size`, `metadata`, `created_at`,
                     `updated_at`)
VALUES ('76', '76', '315',
        'Ea ipsum similique dignissimos atque. Voluptates quisquam reiciendis doloremque sunt laborum et. Culpa voluptas quo velit doloremque error non ex. Mollitia quidem velit deserunt consequatur ut. Non qui officia sit ab repellendus.',
        'aut', 922, NULL, '1997-12-16 03:41:53', '1984-08-18 16:41:08');
INSERT INTO `media` (`id`, `media_type_id`, `user_id`, `body`, `filename`, `size`, `metadata`, `created_at`,
                     `updated_at`)
VALUES ('77', '77', '318',
        'Quia est consequatur sequi esse. Quam illum sint ut consequatur iure repudiandae mollitia eveniet. Qui blanditiis est est tenetur ea pariatur est cumque.',
        'aliquam', 0, NULL, '1997-01-21 06:14:25', '1999-01-22 00:29:00');
INSERT INTO `media` (`id`, `media_type_id`, `user_id`, `body`, `filename`, `size`, `metadata`, `created_at`,
                     `updated_at`)
VALUES ('78', '78', '319',
        'Aspernatur consectetur sit ea ipsum repellendus et. Eum a maiores velit non ab sequi praesentium.', 'pariatur',
        6253235, NULL, '1996-12-14 07:47:10', '1986-06-26 14:51:07');
INSERT INTO `media` (`id`, `media_type_id`, `user_id`, `body`, `filename`, `size`, `metadata`, `created_at`,
                     `updated_at`)
VALUES ('79', '79', '321',
        'Sunt ipsam in tempora ut dolore. Rem eum voluptas neque delectus. Nihil ut voluptas occaecati ea cupiditate nobis nam.',
        'dolorem', 7098, NULL, '1998-01-09 19:50:29', '2007-03-01 18:41:35');
INSERT INTO `media` (`id`, `media_type_id`, `user_id`, `body`, `filename`, `size`, `metadata`, `created_at`,
                     `updated_at`)
VALUES ('80', '80', '322',
        'Tenetur amet sunt repudiandae nemo. Qui vel omnis qui aut ut. Placeat qui incidunt sint ducimus. Consequatur ut non adipisci.',
        'officia', 0, NULL, '2006-10-13 23:49:02', '1997-04-04 14:40:31');
INSERT INTO `media` (`id`, `media_type_id`, `user_id`, `body`, `filename`, `size`, `metadata`, `created_at`,
                     `updated_at`)
VALUES ('81', '81', '324',
        'Totam itaque pariatur quidem. Ut dicta quia voluptatum autem. Alias non eos nihil sit eligendi dolorem enim.',
        'odit', 71474, NULL, '2012-09-11 23:26:46', '1989-01-05 15:18:37');
INSERT INTO `media` (`id`, `media_type_id`, `user_id`, `body`, `filename`, `size`, `metadata`, `created_at`,
                     `updated_at`)
VALUES ('82', '82', '327', 'Quia quasi quibusdam autem. Magnam expedita magnam qui incidunt minus eveniet qui.',
        'aliquam', 74026, NULL, '1991-07-03 13:54:47', '1978-01-19 08:07:29');
INSERT INTO `media` (`id`, `media_type_id`, `user_id`, `body`, `filename`, `size`, `metadata`, `created_at`,
                     `updated_at`)
VALUES ('83', '83', '328',
        'Non optio modi quas illum eum distinctio. Magnam laudantium est ut ea aut labore et. Illo dolores non ipsum dolores necessitatibus. Minima earum in illum quia.',
        'necessitatibus', 5, NULL, '2002-03-29 07:54:23', '1992-08-05 09:40:06');
INSERT INTO `media` (`id`, `media_type_id`, `user_id`, `body`, `filename`, `size`, `metadata`, `created_at`,
                     `updated_at`)
VALUES ('84', '84', '329',
        'Sed accusamus repudiandae molestiae. Aliquid commodi et dolorem veniam ipsam. Voluptatem quis qui deleniti tempora excepturi. At maxime et dignissimos.',
        'et', 82177, NULL, '1988-12-30 17:01:04', '1997-10-26 04:03:13');
INSERT INTO `media` (`id`, `media_type_id`, `user_id`, `body`, `filename`, `size`, `metadata`, `created_at`,
                     `updated_at`)
VALUES ('85', '85', '330',
        'Eveniet iusto quaerat corrupti et deserunt ea et voluptatem. Aut id qui quo nesciunt incidunt possimus omnis. Adipisci est error ut. Id doloribus reprehenderit similique qui ut aspernatur aut sit.',
        'unde', 32645039, NULL, '1994-10-01 21:03:02', '1998-06-22 16:16:03');
INSERT INTO `media` (`id`, `media_type_id`, `user_id`, `body`, `filename`, `size`, `metadata`, `created_at`,
                     `updated_at`)
VALUES ('86', '86', '331',
        'Ex explicabo rerum maxime pariatur. Explicabo rerum nisi repellendus et possimus aperiam et. Consequuntur animi magni perferendis nam eligendi quos. Distinctio doloribus possimus reprehenderit laudantium ut laudantium soluta assumenda.',
        'id', 775576663, NULL, '2020-05-31 01:38:17', '1996-03-14 12:33:59');
INSERT INTO `media` (`id`, `media_type_id`, `user_id`, `body`, `filename`, `size`, `metadata`, `created_at`,
                     `updated_at`)
VALUES ('87', '87', '333',
        'Soluta molestias accusantium nostrum enim. Doloremque et vero quisquam. Et qui minus nulla aut voluptatem quod quia.',
        'dicta', 7, NULL, '2001-07-30 02:43:16', '1994-02-22 04:48:39');
INSERT INTO `media` (`id`, `media_type_id`, `user_id`, `body`, `filename`, `size`, `metadata`, `created_at`,
                     `updated_at`)
VALUES ('88', '88', '334',
        'Est corrupti corrupti non laborum. A dignissimos quo accusantium ut. Dolor quia voluptatum delectus adipisci totam sit nihil ipsum.',
        'et', 6, NULL, '2011-02-16 00:02:53', '1981-10-08 06:08:28');
INSERT INTO `media` (`id`, `media_type_id`, `user_id`, `body`, `filename`, `size`, `metadata`, `created_at`,
                     `updated_at`)
VALUES ('89', '89', '335', 'Sint sunt error esse id. Atque dicta officiis enim incidunt.', 'aut', 246, NULL,
        '1975-01-23 07:51:40', '2013-08-30 12:12:58');
INSERT INTO `media` (`id`, `media_type_id`, `user_id`, `body`, `filename`, `size`, `metadata`, `created_at`,
                     `updated_at`)
VALUES ('90', '90', '336',
        'Aperiam iusto incidunt ea omnis quisquam voluptate. Nobis dicta adipisci deleniti delectus rerum. Sit sed impedit similique et et molestias quo. Distinctio voluptatem commodi eius doloremque laborum eum.',
        'magni', 540719, NULL, '1985-12-08 19:59:11', '2015-10-17 13:19:48');
INSERT INTO `media` (`id`, `media_type_id`, `user_id`, `body`, `filename`, `size`, `metadata`, `created_at`,
                     `updated_at`)
VALUES ('91', '91', '337',
        'Nisi voluptatum aut excepturi eveniet rerum. Et molestias aspernatur ipsa sed aspernatur deleniti. At perspiciatis voluptates quos aperiam voluptatem qui. Laudantium minima rerum libero omnis est. Aut placeat cupiditate architecto quia corrupti.',
        'ut', 7850106, NULL, '2019-03-09 16:33:21', '1984-03-18 01:05:05');
INSERT INTO `media` (`id`, `media_type_id`, `user_id`, `body`, `filename`, `size`, `metadata`, `created_at`,
                     `updated_at`)
VALUES ('92', '92', '338',
        'Dolor aut harum dolorum quam. Corrupti repellendus eligendi et placeat repudiandae non. Et autem placeat suscipit exercitationem qui. Doloribus et labore aut inventore molestiae.',
        'aliquam', 1891, NULL, '1978-05-08 16:54:40', '1999-02-26 04:10:13');
INSERT INTO `media` (`id`, `media_type_id`, `user_id`, `body`, `filename`, `size`, `metadata`, `created_at`,
                     `updated_at`)
VALUES ('93', '93', '339',
        'Quo nobis non repudiandae nihil quia voluptatem qui at. Dignissimos et perferendis et fugiat. Commodi eos natus vitae neque omnis necessitatibus.',
        'quisquam', 1613449, NULL, '1999-05-20 12:38:44', '1996-05-31 03:21:58');
INSERT INTO `media` (`id`, `media_type_id`, `user_id`, `body`, `filename`, `size`, `metadata`, `created_at`,
                     `updated_at`)
VALUES ('94', '94', '342',
        'Dolores dolorem et officiis eos sed deleniti. Ullam ea voluptate praesentium omnis hic eaque voluptas. Odio aliquid recusandae veniam impedit.',
        'nihil', 77, NULL, '1979-10-23 23:57:43', '1998-02-15 11:09:48');
INSERT INTO `media` (`id`, `media_type_id`, `user_id`, `body`, `filename`, `size`, `metadata`, `created_at`,
                     `updated_at`)
VALUES ('95', '95', '344',
        'Incidunt voluptatem delectus et. Molestiae voluptatibus exercitationem autem qui quasi nesciunt et porro. Ad provident delectus ipsa quia illum. Sunt qui suscipit sapiente animi nostrum.',
        'et', 3, NULL, '1970-04-01 15:51:24', '1990-09-17 20:18:03');
INSERT INTO `media` (`id`, `media_type_id`, `user_id`, `body`, `filename`, `size`, `metadata`, `created_at`,
                     `updated_at`)
VALUES ('96', '96', '346',
        'Culpa ut necessitatibus quia aut quia. Distinctio dolor quidem quam adipisci. Officiis quis atque tenetur ut quis enim maiores rerum.',
        'minus', 978759266, NULL, '2005-02-08 14:36:24', '1993-02-08 08:00:27');
INSERT INTO `media` (`id`, `media_type_id`, `user_id`, `body`, `filename`, `size`, `metadata`, `created_at`,
                     `updated_at`)
VALUES ('97', '97', '350',
        'Ea qui reprehenderit alias in est a voluptas. Dolor dolores quisquam ut iusto voluptatem amet quas. Dolorem inventore nihil fugiat accusantium nisi qui ut.',
        'laborum', 5, NULL, '1984-07-26 00:06:54', '2005-08-15 07:10:15');
INSERT INTO `media` (`id`, `media_type_id`, `user_id`, `body`, `filename`, `size`, `metadata`, `created_at`,
                     `updated_at`)
VALUES ('98', '98', '352',
        'Omnis voluptas quia commodi. Vel error excepturi non laboriosam unde consequatur ut. Asperiores ipsum et accusantium fugiat. Iste perferendis aspernatur assumenda sit earum ipsam.',
        'consectetur', 0, NULL, '2009-10-29 17:00:18', '2010-04-02 00:33:10');
INSERT INTO `media` (`id`, `media_type_id`, `user_id`, `body`, `filename`, `size`, `metadata`, `created_at`,
                     `updated_at`)
VALUES ('99', '99', '354', 'Ipsa perferendis rerum optio ut. Qui nihil porro corrupti.', 'a', 306697, NULL,
        '2015-05-10 11:49:02', '2013-09-28 22:36:16');
INSERT INTO `media` (`id`, `media_type_id`, `user_id`, `body`, `filename`, `size`, `metadata`, `created_at`,
                     `updated_at`)
VALUES ('100', '100', '356',
        'Sit accusantium sunt sed necessitatibus. Molestias nobis eum cupiditate error accusamus. Amet nisi sint enim nihil asperiores. Dignissimos et odio necessitatibus ad eveniet tenetur.',
        'consequatur', 55323, NULL, '1988-02-10 22:57:26', '1991-05-08 07:29:40');


INSERT INTO `profiles` (`user_id`, `gender`, `birthday`, `photo_id`, `created_at`, `hometown`)
VALUES ('201', 'f', '1985-03-26', '1', '2016-07-29 15:57:34', 'New Devanteland');
INSERT INTO `profiles` (`user_id`, `gender`, `birthday`, `photo_id`, `created_at`, `hometown`)
VALUES ('202', 'm', '2007-01-05', '2', '1976-07-08 20:41:32', 'South Enola');
INSERT INTO `profiles` (`user_id`, `gender`, `birthday`, `photo_id`, `created_at`, `hometown`)
VALUES ('203', 'f', '2015-09-22', '3', '1972-05-05 02:51:09', 'East Jamesonport');
INSERT INTO `profiles` (`user_id`, `gender`, `birthday`, `photo_id`, `created_at`, `hometown`)
VALUES ('205', 'm', '2014-05-13', '4', '2014-01-16 02:06:16', 'Larkinberg');
INSERT INTO `profiles` (`user_id`, `gender`, `birthday`, `photo_id`, `created_at`, `hometown`)
VALUES ('208', 'f', '2011-07-25', '5', '2006-01-20 03:41:47', 'Rogahnton');
INSERT INTO `profiles` (`user_id`, `gender`, `birthday`, `photo_id`, `created_at`, `hometown`)
VALUES ('209', 'm', '2017-05-04', '6', '2008-11-02 19:59:00', 'Grimesland');
INSERT INTO `profiles` (`user_id`, `gender`, `birthday`, `photo_id`, `created_at`, `hometown`)
VALUES ('212', 'f', '1987-12-29', '7', '1990-01-26 18:00:22', 'West Randall');
INSERT INTO `profiles` (`user_id`, `gender`, `birthday`, `photo_id`, `created_at`, `hometown`)
VALUES ('214', 'm', '1982-04-30', '8', '1990-04-13 07:09:16', 'Port Martinamouth');
INSERT INTO `profiles` (`user_id`, `gender`, `birthday`, `photo_id`, `created_at`, `hometown`)
VALUES ('215', 'f', '2018-10-11', '9', '1993-03-28 16:30:12', 'Keelyside');
INSERT INTO `profiles` (`user_id`, `gender`, `birthday`, `photo_id`, `created_at`, `hometown`)
VALUES ('216', 'm', '1978-09-04', '10', '1988-04-11 16:38:12', 'South Colleen');
INSERT INTO `profiles` (`user_id`, `gender`, `birthday`, `photo_id`, `created_at`, `hometown`)
VALUES ('217', 'f', '2001-08-13', '11', '1997-08-24 10:53:31', 'Chanelleshire');
INSERT INTO `profiles` (`user_id`, `gender`, `birthday`, `photo_id`, `created_at`, `hometown`)
VALUES ('218', 'm', '1993-07-23', '12', '1978-11-08 21:17:51', 'North Casandra');
INSERT INTO `profiles` (`user_id`, `gender`, `birthday`, `photo_id`, `created_at`, `hometown`)
VALUES ('219', 'f', '2013-10-02', '13', '2018-02-19 10:31:05', 'South Kevonmouth');
INSERT INTO `profiles` (`user_id`, `gender`, `birthday`, `photo_id`, `created_at`, `hometown`)
VALUES ('220', 'm', '1988-05-19', '14', '1991-09-12 08:45:45', 'Baumbachbury');
INSERT INTO `profiles` (`user_id`, `gender`, `birthday`, `photo_id`, `created_at`, `hometown`)
VALUES ('221', 'f', '2010-01-22', '15', '2012-02-27 22:36:07', 'Russeltown');
INSERT INTO `profiles` (`user_id`, `gender`, `birthday`, `photo_id`, `created_at`, `hometown`)
VALUES ('222', 'm', '1970-11-22', '16', '1971-09-09 11:50:33', 'Turcottechester');
INSERT INTO `profiles` (`user_id`, `gender`, `birthday`, `photo_id`, `created_at`, `hometown`)
VALUES ('223', 'f', '2014-03-13', '17', '1972-06-03 06:08:47', 'Hesselville');
INSERT INTO `profiles` (`user_id`, `gender`, `birthday`, `photo_id`, `created_at`, `hometown`)
VALUES ('224', 'm', '1999-02-16', '18', '1988-04-09 15:47:48', 'South Cristinaton');
INSERT INTO `profiles` (`user_id`, `gender`, `birthday`, `photo_id`, `created_at`, `hometown`)
VALUES ('227', 'f', '1982-01-01', '19', '1970-03-24 00:43:28', 'Pfefferview');
INSERT INTO `profiles` (`user_id`, `gender`, `birthday`, `photo_id`, `created_at`, `hometown`)
VALUES ('228', 'm', '2017-12-24', '20', '1981-02-27 10:01:45', 'West Gabrielle');
INSERT INTO `profiles` (`user_id`, `gender`, `birthday`, `photo_id`, `created_at`, `hometown`)
VALUES ('230', 'm', '2015-06-26', '21', '1989-03-06 06:38:56', 'Genovevabury');
INSERT INTO `profiles` (`user_id`, `gender`, `birthday`, `photo_id`, `created_at`, `hometown`)
VALUES ('234', 'f', '1984-09-19', '22', '1988-11-16 00:19:54', 'West Leolashire');
INSERT INTO `profiles` (`user_id`, `gender`, `birthday`, `photo_id`, `created_at`, `hometown`)
VALUES ('236', 'm', '1972-08-05', '23', '2002-09-14 14:58:01', 'New Lesterchester');
INSERT INTO `profiles` (`user_id`, `gender`, `birthday`, `photo_id`, `created_at`, `hometown`)
VALUES ('237', 'f', '2002-10-28', '24', '2021-01-02 12:14:23', 'North Madilynborough');
INSERT INTO `profiles` (`user_id`, `gender`, `birthday`, `photo_id`, `created_at`, `hometown`)
VALUES ('239', 'm', '1981-05-20', '25', '2015-09-26 11:33:18', 'Hermanmouth');
INSERT INTO `profiles` (`user_id`, `gender`, `birthday`, `photo_id`, `created_at`, `hometown`)
VALUES ('240', 'f', '1975-02-18', '26', '2001-10-19 09:55:37', 'Port Danialfurt');
INSERT INTO `profiles` (`user_id`, `gender`, `birthday`, `photo_id`, `created_at`, `hometown`)
VALUES ('243', 'm', '1992-08-06', '27', '1984-08-04 02:35:11', 'Mitchellview');
INSERT INTO `profiles` (`user_id`, `gender`, `birthday`, `photo_id`, `created_at`, `hometown`)
VALUES ('244', 'f', '1990-01-17', '28', '2012-10-12 00:58:06', 'Abernathyberg');
INSERT INTO `profiles` (`user_id`, `gender`, `birthday`, `photo_id`, `created_at`, `hometown`)
VALUES ('245', 'm', '2020-08-07', '29', '1988-12-19 18:36:47', 'Lake Zacherytown');
INSERT INTO `profiles` (`user_id`, `gender`, `birthday`, `photo_id`, `created_at`, `hometown`)
VALUES ('247', 'f', '1986-09-09', '30', '1972-08-25 14:14:46', 'Rogahnburgh');
INSERT INTO `profiles` (`user_id`, `gender`, `birthday`, `photo_id`, `created_at`, `hometown`)
VALUES ('248', 'm', '2007-01-07', '31', '1980-09-05 22:50:51', 'North Madonnaview');
INSERT INTO `profiles` (`user_id`, `gender`, `birthday`, `photo_id`, `created_at`, `hometown`)
VALUES ('249', 'f', '2003-03-28', '32', '2014-06-06 15:14:40', 'Lake Alekfort');
INSERT INTO `profiles` (`user_id`, `gender`, `birthday`, `photo_id`, `created_at`, `hometown`)
VALUES ('250', 'm', '2014-02-17', '33', '2010-09-17 15:33:39', 'Port Chase');
INSERT INTO `profiles` (`user_id`, `gender`, `birthday`, `photo_id`, `created_at`, `hometown`)
VALUES ('251', 'f', '2013-06-26', '34', '2013-03-28 03:21:01', 'Georgiannaview');
INSERT INTO `profiles` (`user_id`, `gender`, `birthday`, `photo_id`, `created_at`, `hometown`)
VALUES ('252', 'm', '1983-07-24', '35', '2014-01-04 06:11:52', 'New Eleazarville');
INSERT INTO `profiles` (`user_id`, `gender`, `birthday`, `photo_id`, `created_at`, `hometown`)
VALUES ('255', 'f', '1977-08-27', '36', '1994-12-21 23:36:50', 'Lake Sydneymouth');
INSERT INTO `profiles` (`user_id`, `gender`, `birthday`, `photo_id`, `created_at`, `hometown`)
VALUES ('256', 'm', '2010-06-18', '37', '2018-04-29 23:57:26', 'North Desiree');
INSERT INTO `profiles` (`user_id`, `gender`, `birthday`, `photo_id`, `created_at`, `hometown`)
VALUES ('257', 'f', '2010-10-22', '38', '1982-03-29 14:33:24', 'Lake Nathanael');
INSERT INTO `profiles` (`user_id`, `gender`, `birthday`, `photo_id`, `created_at`, `hometown`)
VALUES ('258', 'm', '1997-08-28', '39', '1981-11-02 06:52:09', 'Caleview');
INSERT INTO `profiles` (`user_id`, `gender`, `birthday`, `photo_id`, `created_at`, `hometown`)
VALUES ('259', 'f', '2009-02-02', '40', '2012-11-13 02:33:46', 'Pfannerstillbury');
INSERT INTO `profiles` (`user_id`, `gender`, `birthday`, `photo_id`, `created_at`, `hometown`)
VALUES ('260', 'm', '2013-05-29', '41', '2013-04-22 14:09:27', 'Port Janelleville');
INSERT INTO `profiles` (`user_id`, `gender`, `birthday`, `photo_id`, `created_at`, `hometown`)
VALUES ('261', 'f', '1999-01-14', '42', '1975-11-23 08:39:45', 'West Korbinton');
INSERT INTO `profiles` (`user_id`, `gender`, `birthday`, `photo_id`, `created_at`, `hometown`)
VALUES ('262', 'm', '2012-08-05', '43', '1975-06-03 08:14:17', 'Haagfurt');
INSERT INTO `profiles` (`user_id`, `gender`, `birthday`, `photo_id`, `created_at`, `hometown`)
VALUES ('263', 'f', '2015-09-04', '44', '2004-03-24 05:11:35', 'Lake Mackenzie');
INSERT INTO `profiles` (`user_id`, `gender`, `birthday`, `photo_id`, `created_at`, `hometown`)
VALUES ('264', 'm', '1991-09-06', '45', '1981-10-13 14:37:50', 'Lake Murray');
INSERT INTO `profiles` (`user_id`, `gender`, `birthday`, `photo_id`, `created_at`, `hometown`)
VALUES ('266', 'f', '2017-03-30', '46', '2015-05-15 16:51:24', 'North Nikkiview');
INSERT INTO `profiles` (`user_id`, `gender`, `birthday`, `photo_id`, `created_at`, `hometown`)
VALUES ('268', 'm', '1987-11-21', '47', '2004-04-15 02:58:16', 'West Darrionstad');
INSERT INTO `profiles` (`user_id`, `gender`, `birthday`, `photo_id`, `created_at`, `hometown`)
VALUES ('270', 'f', '2016-09-12', '48', '2011-09-09 00:46:43', 'Delfinatown');
INSERT INTO `profiles` (`user_id`, `gender`, `birthday`, `photo_id`, `created_at`, `hometown`)
VALUES ('271', 'm', '1974-02-25', '49', '1992-02-29 00:24:07', 'Monicachester');
INSERT INTO `profiles` (`user_id`, `gender`, `birthday`, `photo_id`, `created_at`, `hometown`)
VALUES ('272', 'f', '1991-08-05', '50', '2000-10-22 20:04:30', 'Kesslerstad');
INSERT INTO `profiles` (`user_id`, `gender`, `birthday`, `photo_id`, `created_at`, `hometown`)
VALUES ('274', 'm', '1988-06-16', '51', '2021-02-18 01:25:16', 'Lemuelview');
INSERT INTO `profiles` (`user_id`, `gender`, `birthday`, `photo_id`, `created_at`, `hometown`)
VALUES ('275', 'f', '1978-10-30', '52', '2015-08-26 03:56:12', 'Rauport');
INSERT INTO `profiles` (`user_id`, `gender`, `birthday`, `photo_id`, `created_at`, `hometown`)
VALUES ('276', 'm', '1974-09-03', '53', '1970-04-23 06:46:49', 'Joseside');
INSERT INTO `profiles` (`user_id`, `gender`, `birthday`, `photo_id`, `created_at`, `hometown`)
VALUES ('280', 'f', '1984-06-15', '54', '2016-01-26 20:13:56', 'Port Ronaldohaven');
INSERT INTO `profiles` (`user_id`, `gender`, `birthday`, `photo_id`, `created_at`, `hometown`)
VALUES ('282', 'm', '1992-03-04', '55', '2018-02-28 13:13:55', 'Jaydenborough');
INSERT INTO `profiles` (`user_id`, `gender`, `birthday`, `photo_id`, `created_at`, `hometown`)
VALUES ('283', 'f', '1999-11-28', '56', '2003-10-17 23:22:28', 'New Leatha');
INSERT INTO `profiles` (`user_id`, `gender`, `birthday`, `photo_id`, `created_at`, `hometown`)
VALUES ('285', 'm', '2012-08-17', '57', '2003-01-20 02:54:16', 'East Fletaberg');
INSERT INTO `profiles` (`user_id`, `gender`, `birthday`, `photo_id`, `created_at`, `hometown`)
VALUES ('286', 'f', '2002-06-21', '58', '1991-06-26 01:50:39', 'Ernieport');
INSERT INTO `profiles` (`user_id`, `gender`, `birthday`, `photo_id`, `created_at`, `hometown`)
VALUES ('290', 'm', '1991-05-18', '59', '2010-09-26 16:50:35', 'West Amy');
INSERT INTO `profiles` (`user_id`, `gender`, `birthday`, `photo_id`, `created_at`, `hometown`)
VALUES ('291', 'f', '1995-08-30', '60', '1984-10-30 15:49:10', 'Carmelamouth');
INSERT INTO `profiles` (`user_id`, `gender`, `birthday`, `photo_id`, `created_at`, `hometown`)
VALUES ('292', 'm', '2020-11-28', '61', '1976-10-20 04:56:31', 'Meghanburgh');
INSERT INTO `profiles` (`user_id`, `gender`, `birthday`, `photo_id`, `created_at`, `hometown`)
VALUES ('293', 'f', '1971-12-18', '62', '1997-07-10 16:03:32', 'Lake Sister');
INSERT INTO `profiles` (`user_id`, `gender`, `birthday`, `photo_id`, `created_at`, `hometown`)
VALUES ('294', 'm', '2020-09-17', '63', '2021-01-23 03:52:20', 'Port Marilie');
INSERT INTO `profiles` (`user_id`, `gender`, `birthday`, `photo_id`, `created_at`, `hometown`)
VALUES ('295', 'f', '2011-12-12', '64', '2011-05-20 04:15:18', 'Torphyberg');
INSERT INTO `profiles` (`user_id`, `gender`, `birthday`, `photo_id`, `created_at`, `hometown`)
VALUES ('297', 'm', '2001-04-25', '65', '2021-01-08 15:50:49', 'Kleinstad');
INSERT INTO `profiles` (`user_id`, `gender`, `birthday`, `photo_id`, `created_at`, `hometown`)
VALUES ('298', 'f', '1991-08-19', '66', '1990-06-11 20:27:43', 'Lake Angelica');
INSERT INTO `profiles` (`user_id`, `gender`, `birthday`, `photo_id`, `created_at`, `hometown`)
VALUES ('300', 'm', '1990-01-16', '67', '1981-11-14 04:00:19', 'East Rachellebury');
INSERT INTO `profiles` (`user_id`, `gender`, `birthday`, `photo_id`, `created_at`, `hometown`)
VALUES ('301', 'f', '1998-01-23', '68', '2011-02-18 01:15:17', 'South Daphnee');
INSERT INTO `profiles` (`user_id`, `gender`, `birthday`, `photo_id`, `created_at`, `hometown`)
VALUES ('303', 'm', '2008-03-09', '69', '1989-04-03 17:33:27', 'East Nettie');
INSERT INTO `profiles` (`user_id`, `gender`, `birthday`, `photo_id`, `created_at`, `hometown`)
VALUES ('305', 'f', '2014-04-07', '70', '2009-12-09 21:48:06', 'Bechtelarton');
INSERT INTO `profiles` (`user_id`, `gender`, `birthday`, `photo_id`, `created_at`, `hometown`)
VALUES ('306', 'm', '2011-11-16', '71', '1984-06-03 07:57:39', 'New Krystinaberg');
INSERT INTO `profiles` (`user_id`, `gender`, `birthday`, `photo_id`, `created_at`, `hometown`)
VALUES ('307', 'f', '1993-02-06', '72', '1982-05-27 18:09:43', 'West Marcellashire');
INSERT INTO `profiles` (`user_id`, `gender`, `birthday`, `photo_id`, `created_at`, `hometown`)
VALUES ('309', 'm', '1994-05-28', '73', '2001-10-16 13:19:14', 'Lubowitzshire');
INSERT INTO `profiles` (`user_id`, `gender`, `birthday`, `photo_id`, `created_at`, `hometown`)
VALUES ('311', 'f', '2004-06-23', '74', '2019-08-16 18:35:56', 'North Rafaelaburgh');
INSERT INTO `profiles` (`user_id`, `gender`, `birthday`, `photo_id`, `created_at`, `hometown`)
VALUES ('314', 'm', '2001-05-28', '75', '1982-06-21 03:03:39', 'Port Thurman');
INSERT INTO `profiles` (`user_id`, `gender`, `birthday`, `photo_id`, `created_at`, `hometown`)
VALUES ('315', 'f', '2021-05-29', '76', '2009-05-28 02:27:53', 'Port Christiana');
INSERT INTO `profiles` (`user_id`, `gender`, `birthday`, `photo_id`, `created_at`, `hometown`)
VALUES ('318', 'm', '1972-09-12', '77', '2019-11-08 13:32:39', 'North Stonemouth');
INSERT INTO `profiles` (`user_id`, `gender`, `birthday`, `photo_id`, `created_at`, `hometown`)
VALUES ('319', 'f', '2005-01-08', '78', '1984-12-02 19:05:51', 'New Florencioville');
INSERT INTO `profiles` (`user_id`, `gender`, `birthday`, `photo_id`, `created_at`, `hometown`)
VALUES ('321', 'm', '1975-09-26', '79', '2020-05-17 17:54:25', 'West Caleb');
INSERT INTO `profiles` (`user_id`, `gender`, `birthday`, `photo_id`, `created_at`, `hometown`)
VALUES ('322', 'f', '1980-04-10', '80', '2004-11-03 22:30:35', 'East Melvin');
INSERT INTO `profiles` (`user_id`, `gender`, `birthday`, `photo_id`, `created_at`, `hometown`)
VALUES ('324', 'm', '1970-09-20', '81', '1989-06-04 20:51:45', 'Pinkieside');
INSERT INTO `profiles` (`user_id`, `gender`, `birthday`, `photo_id`, `created_at`, `hometown`)
VALUES ('327', 'f', '1999-11-22', '82', '1991-04-14 06:11:54', 'Bartolettiburgh');
INSERT INTO `profiles` (`user_id`, `gender`, `birthday`, `photo_id`, `created_at`, `hometown`)
VALUES ('328', 'm', '1996-10-10', '83', '2020-07-11 22:22:51', 'Mylestown');
INSERT INTO `profiles` (`user_id`, `gender`, `birthday`, `photo_id`, `created_at`, `hometown`)
VALUES ('329', 'f', '2010-10-25', '84', '1996-09-24 17:45:29', 'Grimesfort');
INSERT INTO `profiles` (`user_id`, `gender`, `birthday`, `photo_id`, `created_at`, `hometown`)
VALUES ('330', 'm', '1979-11-06', '85', '1975-05-11 04:58:02', 'Lake Darenfort');
INSERT INTO `profiles` (`user_id`, `gender`, `birthday`, `photo_id`, `created_at`, `hometown`)
VALUES ('331', 'f', '1971-02-28', '86', '1986-09-06 16:36:50', 'Joycemouth');
INSERT INTO `profiles` (`user_id`, `gender`, `birthday`, `photo_id`, `created_at`, `hometown`)
VALUES ('333', 'm', '1973-07-20', '87', '2017-10-11 05:39:45', 'Hackettview');
INSERT INTO `profiles` (`user_id`, `gender`, `birthday`, `photo_id`, `created_at`, `hometown`)
VALUES ('334', 'f', '2013-12-06', '88', '2016-07-16 03:59:32', 'Lake Zanefurt');
INSERT INTO `profiles` (`user_id`, `gender`, `birthday`, `photo_id`, `created_at`, `hometown`)
VALUES ('335', 'm', '1991-03-26', '89', '2008-07-06 20:11:01', 'Emardfort');
INSERT INTO `profiles` (`user_id`, `gender`, `birthday`, `photo_id`, `created_at`, `hometown`)
VALUES ('336', 'f', '2006-12-18', '90', '2008-04-05 16:51:28', 'New Garettburgh');
INSERT INTO `profiles` (`user_id`, `gender`, `birthday`, `photo_id`, `created_at`, `hometown`)
VALUES ('337', 'm', '2014-02-03', '91', '1979-10-12 21:57:14', 'Damonside');
INSERT INTO `profiles` (`user_id`, `gender`, `birthday`, `photo_id`, `created_at`, `hometown`)
VALUES ('338', 'f', '2014-04-24', '92', '1994-06-30 13:03:00', 'Port Eulahstad');
INSERT INTO `profiles` (`user_id`, `gender`, `birthday`, `photo_id`, `created_at`, `hometown`)
VALUES ('339', 'f', '1996-05-29', '93', '1992-02-03 09:27:30', 'Noblemouth');
INSERT INTO `profiles` (`user_id`, `gender`, `birthday`, `photo_id`, `created_at`, `hometown`)
VALUES ('342', 'm', '2008-03-28', '94', '1995-09-29 05:04:07', 'Lexushaven');
INSERT INTO `profiles` (`user_id`, `gender`, `birthday`, `photo_id`, `created_at`, `hometown`)
VALUES ('344', 'f', '2007-11-28', '95', '1988-12-04 14:10:42', 'Ernestinamouth');
INSERT INTO `profiles` (`user_id`, `gender`, `birthday`, `photo_id`, `created_at`, `hometown`)
VALUES ('346', 'm', '1971-03-01', '96', '1986-12-31 01:44:10', 'North Lilianechester');
INSERT INTO `profiles` (`user_id`, `gender`, `birthday`, `photo_id`, `created_at`, `hometown`)
VALUES ('350', 'f', '1995-10-07', '97', '2010-01-07 07:59:21', 'Hagenesville');
INSERT INTO `profiles` (`user_id`, `gender`, `birthday`, `photo_id`, `created_at`, `hometown`)
VALUES ('352', 'm', '2001-02-19', '98', '1984-09-12 01:01:58', 'West Lupeberg');
INSERT INTO `profiles` (`user_id`, `gender`, `birthday`, `photo_id`, `created_at`, `hometown`)
VALUES ('354', 'f', '1980-07-04', '99', '1983-04-17 04:15:38', 'Lake Clintchester');
INSERT INTO `profiles` (`user_id`, `gender`, `birthday`, `photo_id`, `created_at`, `hometown`)
VALUES ('356', 'm', '1979-11-11', '100', '2014-02-10 08:58:48', 'New Moriah');

INSERT INTO `photo_albums` (`id`, `name`, `user_id`)
VALUES ('1', 'Sunt vitae nostrum eum saepe tenetur deleniti.', '201');
INSERT INTO `photo_albums` (`id`, `name`, `user_id`)
VALUES ('2', 'Natus veritatis aut vel et nemo voluptate.', '202');
INSERT INTO `photo_albums` (`id`, `name`, `user_id`)
VALUES ('3', 'Et laborum non aut dolor sint inventore quis.', '203');
INSERT INTO `photo_albums` (`id`, `name`, `user_id`)
VALUES ('4', 'Reprehenderit et sequi qui nesciunt et.', '205');
INSERT INTO `photo_albums` (`id`, `name`, `user_id`)
VALUES ('5', 'Quod et asperiores quos.', '208');
INSERT INTO `photo_albums` (`id`, `name`, `user_id`)
VALUES ('6', 'Eligendi tempora odit molestias ut qui impedit explicabo.', '209');
INSERT INTO `photo_albums` (`id`, `name`, `user_id`)
VALUES ('7', 'Et nihil tempora ipsa voluptates.', '212');
INSERT INTO `photo_albums` (`id`, `name`, `user_id`)
VALUES ('8', 'Nesciunt corporis eum est temporibus tempora.', '214');
INSERT INTO `photo_albums` (`id`, `name`, `user_id`)
VALUES ('9', 'Aspernatur modi dignissimos natus.', '215');
INSERT INTO `photo_albums` (`id`, `name`, `user_id`)
VALUES ('10', 'Repellendus totam maiores aut autem neque optio veritatis et.', '216');
INSERT INTO `photo_albums` (`id`, `name`, `user_id`)
VALUES ('11', 'Repellendus ad voluptas nemo autem occaecati error.', '217');
INSERT INTO `photo_albums` (`id`, `name`, `user_id`)
VALUES ('12', 'Exercitationem delectus quia officia totam.', '218');
INSERT INTO `photo_albums` (`id`, `name`, `user_id`)
VALUES ('13', 'Asperiores sapiente accusamus libero.', '219');
INSERT INTO `photo_albums` (`id`, `name`, `user_id`)
VALUES ('14', 'Aut ea neque dolores iure molestiae.', '220');
INSERT INTO `photo_albums` (`id`, `name`, `user_id`)
VALUES ('15', 'Autem tempora et ut vel in architecto aperiam.', '221');
INSERT INTO `photo_albums` (`id`, `name`, `user_id`)
VALUES ('16', 'Id cupiditate similique quidem animi dolorum sed nostrum.', '222');
INSERT INTO `photo_albums` (`id`, `name`, `user_id`)
VALUES ('17', 'Et quasi velit sed vitae.', '223');
INSERT INTO `photo_albums` (`id`, `name`, `user_id`)
VALUES ('18', 'Natus eius optio consectetur.', '224');
INSERT INTO `photo_albums` (`id`, `name`, `user_id`)
VALUES ('19', 'Et modi voluptatem libero officiis iure eaque inventore.', '227');
INSERT INTO `photo_albums` (`id`, `name`, `user_id`)
VALUES ('20', 'Officiis quo in suscipit illo eveniet dolor aliquam.', '228');
INSERT INTO `photo_albums` (`id`, `name`, `user_id`)
VALUES ('21', 'Culpa aut fuga quo ea et doloribus.', '230');
INSERT INTO `photo_albums` (`id`, `name`, `user_id`)
VALUES ('22', 'Porro accusamus quos quo distinctio.', '234');
INSERT INTO `photo_albums` (`id`, `name`, `user_id`)
VALUES ('23', 'Vitae nihil optio sed ipsam molestiae officia.', '236');
INSERT INTO `photo_albums` (`id`, `name`, `user_id`)
VALUES ('24', 'Et molestiae eveniet est placeat.', '237');
INSERT INTO `photo_albums` (`id`, `name`, `user_id`)
VALUES ('25', 'Reprehenderit fuga nihil nesciunt ipsa quia tenetur sit.', '239');
INSERT INTO `photo_albums` (`id`, `name`, `user_id`)
VALUES ('26', 'Reiciendis qui quas quod.', '240');
INSERT INTO `photo_albums` (`id`, `name`, `user_id`)
VALUES ('27', 'Omnis nesciunt ullam exercitationem.', '243');
INSERT INTO `photo_albums` (`id`, `name`, `user_id`)
VALUES ('28', 'Nostrum vero ut laborum.', '244');
INSERT INTO `photo_albums` (`id`, `name`, `user_id`)
VALUES ('29', 'At fuga rerum nulla fugiat quaerat.', '245');
INSERT INTO `photo_albums` (`id`, `name`, `user_id`)
VALUES ('30', 'Eius sit labore iste et quaerat.', '247');
INSERT INTO `photo_albums` (`id`, `name`, `user_id`)
VALUES ('31', 'Similique similique similique odio cum deleniti sit dicta.', '248');
INSERT INTO `photo_albums` (`id`, `name`, `user_id`)
VALUES ('32', 'Delectus asperiores veniam et perferendis officia.', '249');
INSERT INTO `photo_albums` (`id`, `name`, `user_id`)
VALUES ('33', 'Repellendus quod aliquid nesciunt non sint enim.', '250');
INSERT INTO `photo_albums` (`id`, `name`, `user_id`)
VALUES ('34', 'Debitis nemo facere tempore occaecati quos quibusdam.', '251');
INSERT INTO `photo_albums` (`id`, `name`, `user_id`)
VALUES ('35', 'Incidunt dolorum magnam quas accusantium.', '252');
INSERT INTO `photo_albums` (`id`, `name`, `user_id`)
VALUES ('36', 'Provident architecto quis sed soluta ipsum dolorem.', '255');
INSERT INTO `photo_albums` (`id`, `name`, `user_id`)
VALUES ('37', 'Quod et et atque exercitationem nam ipsa at.', '256');
INSERT INTO `photo_albums` (`id`, `name`, `user_id`)
VALUES ('38', 'Velit non id et quo quaerat fugiat.', '257');
INSERT INTO `photo_albums` (`id`, `name`, `user_id`)
VALUES ('39', 'Sapiente veniam dolorem quibusdam possimus voluptas.', '258');
INSERT INTO `photo_albums` (`id`, `name`, `user_id`)
VALUES ('40', 'Perspiciatis velit soluta id quisquam.', '259');
INSERT INTO `photo_albums` (`id`, `name`, `user_id`)
VALUES ('41', 'Ratione illo quasi atque ratione et.', '260');
INSERT INTO `photo_albums` (`id`, `name`, `user_id`)
VALUES ('42', 'Vel autem labore quasi nostrum dolores est.', '261');
INSERT INTO `photo_albums` (`id`, `name`, `user_id`)
VALUES ('43', 'Corrupti aspernatur fugit non.', '262');
INSERT INTO `photo_albums` (`id`, `name`, `user_id`)
VALUES ('44', 'Vel perferendis quia officiis eum officia asperiores.', '263');
INSERT INTO `photo_albums` (`id`, `name`, `user_id`)
VALUES ('45', 'Est sequi blanditiis ab.', '264');
INSERT INTO `photo_albums` (`id`, `name`, `user_id`)
VALUES ('46', 'Quidem ipsam neque ipsum deleniti.', '266');
INSERT INTO `photo_albums` (`id`, `name`, `user_id`)
VALUES ('47', 'Atque eaque molestiae quis saepe voluptatum accusamus magnam cum.', '268');
INSERT INTO `photo_albums` (`id`, `name`, `user_id`)
VALUES ('48', 'Harum consequuntur qui sed impedit vel optio aspernatur voluptatem.', '270');
INSERT INTO `photo_albums` (`id`, `name`, `user_id`)
VALUES ('49', 'Ut temporibus dolor reiciendis quam.', '271');
INSERT INTO `photo_albums` (`id`, `name`, `user_id`)
VALUES ('50', 'Magni rerum rerum at culpa cumque placeat consequatur.', '272');
INSERT INTO `photo_albums` (`id`, `name`, `user_id`)
VALUES ('51', 'Et rerum ullam exercitationem qui excepturi esse.', '274');
INSERT INTO `photo_albums` (`id`, `name`, `user_id`)
VALUES ('52', 'Aut voluptatem quia libero sit deleniti optio.', '275');
INSERT INTO `photo_albums` (`id`, `name`, `user_id`)
VALUES ('53', 'Quo ut voluptatem sint dolor consequatur.', '276');
INSERT INTO `photo_albums` (`id`, `name`, `user_id`)
VALUES ('54', 'Id nostrum nulla voluptates facilis.', '280');
INSERT INTO `photo_albums` (`id`, `name`, `user_id`)
VALUES ('55', 'Nisi quasi minus unde et.', '282');
INSERT INTO `photo_albums` (`id`, `name`, `user_id`)
VALUES ('56', 'Consequatur est sint ut error beatae officiis repellat.', '283');
INSERT INTO `photo_albums` (`id`, `name`, `user_id`)
VALUES ('57', 'Quis aut dolorem culpa et.', '285');
INSERT INTO `photo_albums` (`id`, `name`, `user_id`)
VALUES ('58', 'Possimus voluptatem autem nihil quia molestias quis.', '286');
INSERT INTO `photo_albums` (`id`, `name`, `user_id`)
VALUES ('59', 'Non rerum ex assumenda aperiam debitis iusto.', '290');
INSERT INTO `photo_albums` (`id`, `name`, `user_id`)
VALUES ('60', 'Provident placeat dolorem qui corrupti fugit.', '291');
INSERT INTO `photo_albums` (`id`, `name`, `user_id`)
VALUES ('61', 'Iusto enim facilis recusandae rerum ullam.', '292');
INSERT INTO `photo_albums` (`id`, `name`, `user_id`)
VALUES ('62', 'Sint maiores ea aliquam.', '293');
INSERT INTO `photo_albums` (`id`, `name`, `user_id`)
VALUES ('63', 'Architecto neque nemo quaerat minus est.', '294');
INSERT INTO `photo_albums` (`id`, `name`, `user_id`)
VALUES ('64', 'Aut eum est dolorem repellendus rem velit illum.', '295');
INSERT INTO `photo_albums` (`id`, `name`, `user_id`)
VALUES ('65', 'Id omnis nostrum incidunt est atque.', '297');
INSERT INTO `photo_albums` (`id`, `name`, `user_id`)
VALUES ('66', 'Ab nulla ea consequatur autem asperiores aut.', '298');
INSERT INTO `photo_albums` (`id`, `name`, `user_id`)
VALUES ('67', 'Facilis sed vitae dolorem veritatis.', '300');
INSERT INTO `photo_albums` (`id`, `name`, `user_id`)
VALUES ('68', 'Et ab nisi natus quia qui.', '301');
INSERT INTO `photo_albums` (`id`, `name`, `user_id`)
VALUES ('69', 'Sunt officiis omnis magni quod.', '303');
INSERT INTO `photo_albums` (`id`, `name`, `user_id`)
VALUES ('70', 'Et soluta possimus excepturi excepturi.', '305');
INSERT INTO `photo_albums` (`id`, `name`, `user_id`)
VALUES ('71', 'Ipsam est voluptas voluptas.', '306');
INSERT INTO `photo_albums` (`id`, `name`, `user_id`)
VALUES ('72', 'Et blanditiis qui quia illo omnis.', '307');
INSERT INTO `photo_albums` (`id`, `name`, `user_id`)
VALUES ('73', 'Quam eius animi porro aut.', '309');
INSERT INTO `photo_albums` (`id`, `name`, `user_id`)
VALUES ('74', 'Ipsa quisquam ipsa voluptatem ad architecto ullam et.', '311');
INSERT INTO `photo_albums` (`id`, `name`, `user_id`)
VALUES ('75', 'Sint porro autem aperiam quos vitae minus enim reprehenderit.', '314');
INSERT INTO `photo_albums` (`id`, `name`, `user_id`)
VALUES ('76', 'Adipisci sapiente sed ex ratione ullam quibusdam odit qui.', '315');
INSERT INTO `photo_albums` (`id`, `name`, `user_id`)
VALUES ('77', 'Ut sit qui hic non expedita nostrum ducimus.', '318');
INSERT INTO `photo_albums` (`id`, `name`, `user_id`)
VALUES ('78', 'Doloribus cum quos voluptatem dolores qui.', '319');
INSERT INTO `photo_albums` (`id`, `name`, `user_id`)
VALUES ('79', 'Ipsum quisquam qui vero atque tempore nesciunt.', '321');
INSERT INTO `photo_albums` (`id`, `name`, `user_id`)
VALUES ('80', 'In doloremque quos harum omnis quibusdam.', '322');
INSERT INTO `photo_albums` (`id`, `name`, `user_id`)
VALUES ('81', 'Expedita laudantium in sint autem corporis.', '324');
INSERT INTO `photo_albums` (`id`, `name`, `user_id`)
VALUES ('82', 'Animi quod ex sint qui natus sunt.', '327');
INSERT INTO `photo_albums` (`id`, `name`, `user_id`)
VALUES ('83', 'Nobis vel mollitia repudiandae dolores.', '328');
INSERT INTO `photo_albums` (`id`, `name`, `user_id`)
VALUES ('84', 'Expedita nobis omnis officiis ut cupiditate tenetur iusto provident.', '329');
INSERT INTO `photo_albums` (`id`, `name`, `user_id`)
VALUES ('85', 'Dicta labore cupiditate praesentium ab animi.', '330');
INSERT INTO `photo_albums` (`id`, `name`, `user_id`)
VALUES ('86', 'Ut tempora maiores et ullam repellendus voluptatibus.', '331');
INSERT INTO `photo_albums` (`id`, `name`, `user_id`)
VALUES ('87', 'Aut velit ab culpa ut.', '333');
INSERT INTO `photo_albums` (`id`, `name`, `user_id`)
VALUES ('88', 'Et sapiente quaerat omnis sed.', '334');
INSERT INTO `photo_albums` (`id`, `name`, `user_id`)
VALUES ('89', 'Quia quos aut sequi ut nihil assumenda provident.', '335');
INSERT INTO `photo_albums` (`id`, `name`, `user_id`)
VALUES ('90', 'Ullam voluptatem nobis consequuntur iusto impedit quaerat.', '336');
INSERT INTO `photo_albums` (`id`, `name`, `user_id`)
VALUES ('91', 'Saepe est quam quasi consequatur possimus sint non.', '337');
INSERT INTO `photo_albums` (`id`, `name`, `user_id`)
VALUES ('92', 'Vel rerum excepturi voluptatem.', '338');
INSERT INTO `photo_albums` (`id`, `name`, `user_id`)
VALUES ('93', 'Omnis et fugiat necessitatibus molestias omnis.', '339');
INSERT INTO `photo_albums` (`id`, `name`, `user_id`)
VALUES ('94', 'Ab saepe aut est quos commodi nemo.', '342');
INSERT INTO `photo_albums` (`id`, `name`, `user_id`)
VALUES ('95', 'Sint voluptate sit eum.', '344');
INSERT INTO `photo_albums` (`id`, `name`, `user_id`)
VALUES ('96', 'Culpa qui deserunt qui natus.', '346');
INSERT INTO `photo_albums` (`id`, `name`, `user_id`)
VALUES ('97', 'Molestiae dicta dolor ratione.', '350');
INSERT INTO `photo_albums` (`id`, `name`, `user_id`)
VALUES ('98', 'Et placeat est vitae deserunt tempora.', '352');
INSERT INTO `photo_albums` (`id`, `name`, `user_id`)
VALUES ('99', 'Atque eum et officia ut dolores.', '354');
INSERT INTO `photo_albums` (`id`, `name`, `user_id`)
VALUES ('100', 'At et vel debitis in maiores.', '356');


INSERT INTO `photos` (`id`, `album_id`, `media_id`)
VALUES ('1', '1', '1');
INSERT INTO `photos` (`id`, `album_id`, `media_id`)
VALUES ('2', '2', '2');
INSERT INTO `photos` (`id`, `album_id`, `media_id`)
VALUES ('3', '3', '3');
INSERT INTO `photos` (`id`, `album_id`, `media_id`)
VALUES ('4', '4', '4');
INSERT INTO `photos` (`id`, `album_id`, `media_id`)
VALUES ('5', '5', '5');
INSERT INTO `photos` (`id`, `album_id`, `media_id`)
VALUES ('6', '6', '6');
INSERT INTO `photos` (`id`, `album_id`, `media_id`)
VALUES ('7', '7', '7');
INSERT INTO `photos` (`id`, `album_id`, `media_id`)
VALUES ('8', '8', '8');
INSERT INTO `photos` (`id`, `album_id`, `media_id`)
VALUES ('9', '9', '9');
INSERT INTO `photos` (`id`, `album_id`, `media_id`)
VALUES ('10', '10', '10');
INSERT INTO `photos` (`id`, `album_id`, `media_id`)
VALUES ('11', '11', '11');
INSERT INTO `photos` (`id`, `album_id`, `media_id`)
VALUES ('12', '12', '12');
INSERT INTO `photos` (`id`, `album_id`, `media_id`)
VALUES ('13', '13', '13');
INSERT INTO `photos` (`id`, `album_id`, `media_id`)
VALUES ('14', '14', '14');
INSERT INTO `photos` (`id`, `album_id`, `media_id`)
VALUES ('15', '15', '15');
INSERT INTO `photos` (`id`, `album_id`, `media_id`)
VALUES ('16', '16', '16');
INSERT INTO `photos` (`id`, `album_id`, `media_id`)
VALUES ('17', '17', '17');
INSERT INTO `photos` (`id`, `album_id`, `media_id`)
VALUES ('18', '18', '18');
INSERT INTO `photos` (`id`, `album_id`, `media_id`)
VALUES ('19', '19', '19');
INSERT INTO `photos` (`id`, `album_id`, `media_id`)
VALUES ('20', '20', '20');
INSERT INTO `photos` (`id`, `album_id`, `media_id`)
VALUES ('21', '21', '21');
INSERT INTO `photos` (`id`, `album_id`, `media_id`)
VALUES ('22', '22', '22');
INSERT INTO `photos` (`id`, `album_id`, `media_id`)
VALUES ('23', '23', '23');
INSERT INTO `photos` (`id`, `album_id`, `media_id`)
VALUES ('24', '24', '24');
INSERT INTO `photos` (`id`, `album_id`, `media_id`)
VALUES ('25', '25', '25');
INSERT INTO `photos` (`id`, `album_id`, `media_id`)
VALUES ('26', '26', '26');
INSERT INTO `photos` (`id`, `album_id`, `media_id`)
VALUES ('27', '27', '27');
INSERT INTO `photos` (`id`, `album_id`, `media_id`)
VALUES ('28', '28', '28');
INSERT INTO `photos` (`id`, `album_id`, `media_id`)
VALUES ('29', '29', '29');
INSERT INTO `photos` (`id`, `album_id`, `media_id`)
VALUES ('30', '30', '30');
INSERT INTO `photos` (`id`, `album_id`, `media_id`)
VALUES ('31', '31', '31');
INSERT INTO `photos` (`id`, `album_id`, `media_id`)
VALUES ('32', '32', '32');
INSERT INTO `photos` (`id`, `album_id`, `media_id`)
VALUES ('33', '33', '33');
INSERT INTO `photos` (`id`, `album_id`, `media_id`)
VALUES ('34', '34', '34');
INSERT INTO `photos` (`id`, `album_id`, `media_id`)
VALUES ('35', '35', '35');
INSERT INTO `photos` (`id`, `album_id`, `media_id`)
VALUES ('36', '36', '36');
INSERT INTO `photos` (`id`, `album_id`, `media_id`)
VALUES ('37', '37', '37');
INSERT INTO `photos` (`id`, `album_id`, `media_id`)
VALUES ('38', '38', '38');
INSERT INTO `photos` (`id`, `album_id`, `media_id`)
VALUES ('39', '39', '39');
INSERT INTO `photos` (`id`, `album_id`, `media_id`)
VALUES ('40', '40', '40');
INSERT INTO `photos` (`id`, `album_id`, `media_id`)
VALUES ('41', '41', '41');
INSERT INTO `photos` (`id`, `album_id`, `media_id`)
VALUES ('42', '42', '42');
INSERT INTO `photos` (`id`, `album_id`, `media_id`)
VALUES ('43', '43', '43');
INSERT INTO `photos` (`id`, `album_id`, `media_id`)
VALUES ('44', '44', '44');
INSERT INTO `photos` (`id`, `album_id`, `media_id`)
VALUES ('45', '45', '45');
INSERT INTO `photos` (`id`, `album_id`, `media_id`)
VALUES ('46', '46', '46');
INSERT INTO `photos` (`id`, `album_id`, `media_id`)
VALUES ('47', '47', '47');
INSERT INTO `photos` (`id`, `album_id`, `media_id`)
VALUES ('48', '48', '48');
INSERT INTO `photos` (`id`, `album_id`, `media_id`)
VALUES ('49', '49', '49');
INSERT INTO `photos` (`id`, `album_id`, `media_id`)
VALUES ('50', '50', '50');
INSERT INTO `photos` (`id`, `album_id`, `media_id`)
VALUES ('51', '51', '51');
INSERT INTO `photos` (`id`, `album_id`, `media_id`)
VALUES ('52', '52', '52');
INSERT INTO `photos` (`id`, `album_id`, `media_id`)
VALUES ('53', '53', '53');
INSERT INTO `photos` (`id`, `album_id`, `media_id`)
VALUES ('54', '54', '54');
INSERT INTO `photos` (`id`, `album_id`, `media_id`)
VALUES ('55', '55', '55');
INSERT INTO `photos` (`id`, `album_id`, `media_id`)
VALUES ('56', '56', '56');
INSERT INTO `photos` (`id`, `album_id`, `media_id`)
VALUES ('57', '57', '57');
INSERT INTO `photos` (`id`, `album_id`, `media_id`)
VALUES ('58', '58', '58');
INSERT INTO `photos` (`id`, `album_id`, `media_id`)
VALUES ('59', '59', '59');
INSERT INTO `photos` (`id`, `album_id`, `media_id`)
VALUES ('60', '60', '60');
INSERT INTO `photos` (`id`, `album_id`, `media_id`)
VALUES ('61', '61', '61');
INSERT INTO `photos` (`id`, `album_id`, `media_id`)
VALUES ('62', '62', '62');
INSERT INTO `photos` (`id`, `album_id`, `media_id`)
VALUES ('63', '63', '63');
INSERT INTO `photos` (`id`, `album_id`, `media_id`)
VALUES ('64', '64', '64');
INSERT INTO `photos` (`id`, `album_id`, `media_id`)
VALUES ('65', '65', '65');
INSERT INTO `photos` (`id`, `album_id`, `media_id`)
VALUES ('66', '66', '66');
INSERT INTO `photos` (`id`, `album_id`, `media_id`)
VALUES ('67', '67', '67');
INSERT INTO `photos` (`id`, `album_id`, `media_id`)
VALUES ('68', '68', '68');
INSERT INTO `photos` (`id`, `album_id`, `media_id`)
VALUES ('69', '69', '69');
INSERT INTO `photos` (`id`, `album_id`, `media_id`)
VALUES ('70', '70', '70');
INSERT INTO `photos` (`id`, `album_id`, `media_id`)
VALUES ('71', '71', '71');
INSERT INTO `photos` (`id`, `album_id`, `media_id`)
VALUES ('72', '72', '72');
INSERT INTO `photos` (`id`, `album_id`, `media_id`)
VALUES ('73', '73', '73');
INSERT INTO `photos` (`id`, `album_id`, `media_id`)
VALUES ('74', '74', '74');
INSERT INTO `photos` (`id`, `album_id`, `media_id`)
VALUES ('75', '75', '75');
INSERT INTO `photos` (`id`, `album_id`, `media_id`)
VALUES ('76', '76', '76');
INSERT INTO `photos` (`id`, `album_id`, `media_id`)
VALUES ('77', '77', '77');
INSERT INTO `photos` (`id`, `album_id`, `media_id`)
VALUES ('78', '78', '78');
INSERT INTO `photos` (`id`, `album_id`, `media_id`)
VALUES ('79', '79', '79');
INSERT INTO `photos` (`id`, `album_id`, `media_id`)
VALUES ('80', '80', '80');
INSERT INTO `photos` (`id`, `album_id`, `media_id`)
VALUES ('81', '81', '81');
INSERT INTO `photos` (`id`, `album_id`, `media_id`)
VALUES ('82', '82', '82');
INSERT INTO `photos` (`id`, `album_id`, `media_id`)
VALUES ('83', '83', '83');
INSERT INTO `photos` (`id`, `album_id`, `media_id`)
VALUES ('84', '84', '84');
INSERT INTO `photos` (`id`, `album_id`, `media_id`)
VALUES ('85', '85', '85');
INSERT INTO `photos` (`id`, `album_id`, `media_id`)
VALUES ('86', '86', '86');
INSERT INTO `photos` (`id`, `album_id`, `media_id`)
VALUES ('87', '87', '87');
INSERT INTO `photos` (`id`, `album_id`, `media_id`)
VALUES ('88', '88', '88');
INSERT INTO `photos` (`id`, `album_id`, `media_id`)
VALUES ('89', '89', '89');
INSERT INTO `photos` (`id`, `album_id`, `media_id`)
VALUES ('90', '90', '90');
INSERT INTO `photos` (`id`, `album_id`, `media_id`)
VALUES ('91', '91', '91');
INSERT INTO `photos` (`id`, `album_id`, `media_id`)
VALUES ('92', '92', '92');
INSERT INTO `photos` (`id`, `album_id`, `media_id`)
VALUES ('93', '93', '93');
INSERT INTO `photos` (`id`, `album_id`, `media_id`)
VALUES ('94', '94', '94');
INSERT INTO `photos` (`id`, `album_id`, `media_id`)
VALUES ('95', '95', '95');
INSERT INTO `photos` (`id`, `album_id`, `media_id`)
VALUES ('96', '96', '96');
INSERT INTO `photos` (`id`, `album_id`, `media_id`)
VALUES ('97', '97', '97');
INSERT INTO `photos` (`id`, `album_id`, `media_id`)
VALUES ('98', '98', '98');
INSERT INTO `photos` (`id`, `album_id`, `media_id`)
VALUES ('99', '99', '99');
INSERT INTO `photos` (`id`, `album_id`, `media_id`)
VALUES ('100', '100', '100');

INSERT INTO `messages` (`id`, `from_user_id`, `to_user_id`, `body`, `created_at`)
VALUES ('1', '201', '201',
        'Incidunt necessitatibus accusamus velit inventore. Voluptates qui esse deserunt voluptatem dolorem iusto aspernatur soluta. Et ut quibusdam inventore at qui.',
        '2005-07-16 14:13:22');
INSERT INTO `messages` (`id`, `from_user_id`, `to_user_id`, `body`, `created_at`)
VALUES ('2', '202', '202',
        'Sed distinctio nihil iusto molestias et aperiam facere. Sapiente aut qui placeat molestiae quis nihil eveniet quam. Corrupti necessitatibus eos est repudiandae itaque et non.',
        '1970-06-18 04:07:38');
INSERT INTO `messages` (`id`, `from_user_id`, `to_user_id`, `body`, `created_at`)
VALUES ('3', '203', '203',
        'Cum est velit sint et. Magnam veritatis minima odit amet. Non repellendus illum voluptates optio explicabo vitae dolorem. Perferendis magnam omnis recusandae voluptatem labore mollitia.',
        '1987-09-14 06:14:57');
INSERT INTO `messages` (`id`, `from_user_id`, `to_user_id`, `body`, `created_at`)
VALUES ('4', '205', '205',
        'Fugiat eum explicabo vel voluptatem sunt dolorum. Aliquam quasi sed magnam minus vero id. Numquam dolor autem at praesentium. Non ipsum fuga consequuntur.',
        '2003-09-15 16:22:20');
INSERT INTO `messages` (`id`, `from_user_id`, `to_user_id`, `body`, `created_at`)
VALUES ('5', '208', '208',
        'Sunt saepe iure fugiat pariatur. Nam odio dolorum et ut quis consequatur. Laborum id rem aut temporibus placeat dolor nobis. Qui ut in similique est. Veniam eos delectus et labore qui totam alias.',
        '1982-01-10 19:20:55');
INSERT INTO `messages` (`id`, `from_user_id`, `to_user_id`, `body`, `created_at`)
VALUES ('6', '209', '209', 'Alias et et quo qui omnis perferendis repellendus. Omnis esse temporibus aut dolorum quis.',
        '1999-09-16 16:39:24');
INSERT INTO `messages` (`id`, `from_user_id`, `to_user_id`, `body`, `created_at`)
VALUES ('7', '212', '212',
        'Consequuntur et quibusdam impedit voluptates laboriosam quia aspernatur. Sed sed eos eaque aut tempore. Adipisci sit aliquid quo sint. Aut voluptatem aspernatur incidunt sed dolor numquam consequuntur aspernatur.',
        '1987-09-25 07:33:58');
INSERT INTO `messages` (`id`, `from_user_id`, `to_user_id`, `body`, `created_at`)
VALUES ('8', '214', '214',
        'Officia est architecto aspernatur id temporibus. Vero deleniti voluptas voluptatum doloremque quia incidunt ea a.',
        '1979-12-12 11:57:57');
INSERT INTO `messages` (`id`, `from_user_id`, `to_user_id`, `body`, `created_at`)
VALUES ('9', '215', '215',
        'Molestias quo ea ea ad. Dolorem ipsam debitis quam in et delectus porro. Recusandae qui et qui facilis. Tenetur aut pariatur molestias maxime aperiam est rerum.',
        '1977-01-31 07:31:35');
INSERT INTO `messages` (`id`, `from_user_id`, `to_user_id`, `body`, `created_at`)
VALUES ('10', '216', '216',
        'Eum velit nihil sunt laboriosam nesciunt ipsum qui impedit. Omnis dolor eum et ut quia non non laudantium. Consequatur facilis provident quibusdam iste qui facere. Voluptatem dolorem iste voluptatum eos fugiat consequatur odio.',
        '1976-04-13 22:24:14');
INSERT INTO `messages` (`id`, `from_user_id`, `to_user_id`, `body`, `created_at`)
VALUES ('11', '217', '217',
        'Corrupti culpa quasi quis dolorem. Enim exercitationem minima numquam eligendi. Voluptas dolor distinctio pariatur. Eaque non autem veniam est suscipit autem illo iure.',
        '1972-07-02 17:31:08');
INSERT INTO `messages` (`id`, `from_user_id`, `to_user_id`, `body`, `created_at`)
VALUES ('12', '218', '218',
        'Consequatur omnis voluptate autem ab quam. Sapiente aut autem quis quo eveniet alias molestias nostrum. Ut minima quia et ut.',
        '2019-11-04 01:39:32');
INSERT INTO `messages` (`id`, `from_user_id`, `to_user_id`, `body`, `created_at`)
VALUES ('13', '219', '219',
        'Maiores libero ex tenetur dolorem. Explicabo accusantium id velit iure at quis quia perspiciatis. Impedit alias est veniam fugiat quae dolores et.',
        '2001-04-05 14:04:37');
INSERT INTO `messages` (`id`, `from_user_id`, `to_user_id`, `body`, `created_at`)
VALUES ('14', '220', '220',
        'Enim ut quo maiores voluptatem ex numquam. Eos et possimus enim pariatur ipsam id dolor. Dolorum repellat eligendi et consequatur quo id odit.',
        '2017-02-07 10:22:31');
INSERT INTO `messages` (`id`, `from_user_id`, `to_user_id`, `body`, `created_at`)
VALUES ('15', '221', '221',
        'Ut non cumque earum. Et aut nulla non a rerum laudantium. Rem est praesentium voluptate vero dignissimos quod. Rerum qui natus corporis dolores incidunt a doloribus rem. Sunt et enim et consequatur ut qui asperiores.',
        '1984-03-09 15:43:07');
INSERT INTO `messages` (`id`, `from_user_id`, `to_user_id`, `body`, `created_at`)
VALUES ('16', '222', '222',
        'Harum ut dolorem quia similique. Sit harum molestias ea blanditiis. Dolorem officia qui porro repudiandae dolorem fuga. In voluptate blanditiis voluptas.',
        '1977-12-27 09:33:32');
INSERT INTO `messages` (`id`, `from_user_id`, `to_user_id`, `body`, `created_at`)
VALUES ('17', '223', '223',
        'Nam nesciunt sint minima dolorum aut molestiae. Molestiae nobis qui magnam voluptas perspiciatis illum aut. Qui exercitationem alias et quae.',
        '1993-04-03 15:49:35');
INSERT INTO `messages` (`id`, `from_user_id`, `to_user_id`, `body`, `created_at`)
VALUES ('18', '224', '224',
        'Velit consequatur suscipit maxime fugiat illum. Ex laboriosam quidem provident modi et nulla doloribus porro. Animi distinctio reprehenderit deleniti sed omnis. Aliquam delectus rem molestiae assumenda quo fugiat.',
        '1995-06-29 11:34:52');
INSERT INTO `messages` (`id`, `from_user_id`, `to_user_id`, `body`, `created_at`)
VALUES ('19', '227', '227',
        'Voluptas quaerat et qui vel et voluptatem eaque. Maiores minima perferendis reprehenderit cum rerum quos et. Iure velit laborum quos eveniet. Quas sed sed eos voluptatem accusantium.',
        '2015-02-26 23:07:23');
INSERT INTO `messages` (`id`, `from_user_id`, `to_user_id`, `body`, `created_at`)
VALUES ('20', '228', '228',
        'Iusto est nostrum molestiae cum laboriosam. Ratione doloremque atque quidem neque. Ut veniam non hic voluptatem. Aut ab facere sint sunt vitae sed alias laboriosam.',
        '1995-12-26 19:48:42');
INSERT INTO `messages` (`id`, `from_user_id`, `to_user_id`, `body`, `created_at`)
VALUES ('21', '230', '230',
        'Voluptatibus cupiditate non nisi voluptatibus quia ullam officia. Ipsa accusamus dolorem totam eaque quo autem aut. Aspernatur repellat dolorem consequatur atque. Corrupti rerum nihil molestiae blanditiis ut ipsum hic.',
        '1986-07-07 16:40:48');
INSERT INTO `messages` (`id`, `from_user_id`, `to_user_id`, `body`, `created_at`)
VALUES ('22', '234', '234',
        'Est sit quo sunt ut. Ab provident pariatur tempora temporibus consequatur accusantium. Enim corrupti possimus odio blanditiis velit et.',
        '2021-03-14 07:14:41');
INSERT INTO `messages` (`id`, `from_user_id`, `to_user_id`, `body`, `created_at`)
VALUES ('23', '236', '236',
        'Sit est asperiores ad ut corporis. Veritatis dignissimos cumque commodi voluptatem nostrum necessitatibus quo. Ullam deleniti rem vitae temporibus repudiandae molestias.',
        '2019-09-16 16:23:35');
INSERT INTO `messages` (`id`, `from_user_id`, `to_user_id`, `body`, `created_at`)
VALUES ('24', '237', '237',
        'Nihil sunt et inventore. Deleniti eum et quis dolorem facere dolores. Nihil architecto et qui quo suscipit.',
        '1982-02-08 16:51:16');
INSERT INTO `messages` (`id`, `from_user_id`, `to_user_id`, `body`, `created_at`)
VALUES ('25', '239', '239',
        'Quis accusantium voluptatum vel eos in. Deserunt et in porro et occaecati modi. Velit est non quasi nostrum. Laudantium itaque aperiam eum.',
        '2020-09-22 12:24:15');
INSERT INTO `messages` (`id`, `from_user_id`, `to_user_id`, `body`, `created_at`)
VALUES ('26', '240', '240',
        'Quis vel enim repellat excepturi doloremque cum accusamus neque. Reiciendis sunt nihil aliquam nemo nihil. Eveniet et harum sed earum quis.',
        '1990-08-15 01:00:16');
INSERT INTO `messages` (`id`, `from_user_id`, `to_user_id`, `body`, `created_at`)
VALUES ('27', '243', '243',
        'Quod sequi quos unde enim facilis. Quia mollitia rem ratione nihil. Et pariatur enim voluptatem occaecati.',
        '2007-02-25 00:06:08');
INSERT INTO `messages` (`id`, `from_user_id`, `to_user_id`, `body`, `created_at`)
VALUES ('28', '244', '244',
        'Repudiandae tenetur quae et ullam. Id et vel sint tempora minima porro animi. Eius nulla rerum quis ratione neque impedit. Odit et unde et.',
        '1975-07-03 09:04:00');
INSERT INTO `messages` (`id`, `from_user_id`, `to_user_id`, `body`, `created_at`)
VALUES ('29', '245', '245', 'Corporis autem architecto ipsum. Nihil omnis sunt rem.', '1999-09-15 17:10:41');
INSERT INTO `messages` (`id`, `from_user_id`, `to_user_id`, `body`, `created_at`)
VALUES ('30', '247', '247',
        'Dolores deleniti molestiae omnis aliquid. Consequatur veniam aliquam modi ut. Blanditiis non voluptatem eum dolorem. Iste autem eaque provident iste et quia nobis.',
        '1986-10-12 23:54:21');
INSERT INTO `messages` (`id`, `from_user_id`, `to_user_id`, `body`, `created_at`)
VALUES ('31', '248', '248',
        'Reiciendis doloribus ex voluptatum. Qui eligendi tempore assumenda in repellat incidunt. Atque atque rerum qui ex vitae. Voluptatem deserunt aut ex consequuntur culpa aut aut repellendus. Ipsa possimus delectus illo quas officia sint unde.',
        '2008-10-12 00:25:22');
INSERT INTO `messages` (`id`, `from_user_id`, `to_user_id`, `body`, `created_at`)
VALUES ('32', '249', '249',
        'Eligendi omnis atque tempora vitae similique et. Ipsum sit et quo sit similique ipsa. Corrupti veritatis eos reiciendis amet voluptas expedita blanditiis. Quae ullam beatae rerum voluptas tempore. Aliquam repellat sed ea ipsam nesciunt laboriosam voluptatem.',
        '1997-07-18 02:00:48');
INSERT INTO `messages` (`id`, `from_user_id`, `to_user_id`, `body`, `created_at`)
VALUES ('33', '250', '250',
        'Sit magni aut maiores iusto et velit. Totam perferendis corporis quo autem. Inventore consectetur facilis nobis repellendus. Veritatis odio non beatae quis.',
        '1987-12-09 17:06:06');
INSERT INTO `messages` (`id`, `from_user_id`, `to_user_id`, `body`, `created_at`)
VALUES ('34', '251', '251', 'Quisquam id vitae enim incidunt. Dicta libero architecto architecto.',
        '1983-07-27 04:21:42');
INSERT INTO `messages` (`id`, `from_user_id`, `to_user_id`, `body`, `created_at`)
VALUES ('35', '252', '252',
        'Mollitia commodi iure voluptatem sit minima sed nemo. Voluptatibus reprehenderit voluptas tenetur dolore aspernatur. Quos et consequatur libero consequatur doloribus impedit vel facilis. Ipsum ratione odit porro reiciendis eveniet.',
        '1990-05-18 10:28:36');
INSERT INTO `messages` (`id`, `from_user_id`, `to_user_id`, `body`, `created_at`)
VALUES ('36', '255', '255',
        'Exercitationem rerum debitis nam qui quo. Recusandae reprehenderit molestiae officia expedita et quis ratione. Suscipit ab et aliquid sequi assumenda quia. Perspiciatis architecto autem est deserunt rem porro nemo.',
        '2010-11-07 16:14:14');
INSERT INTO `messages` (`id`, `from_user_id`, `to_user_id`, `body`, `created_at`)
VALUES ('37', '256', '256',
        'Quas soluta omnis qui ea veniam. Quaerat ipsam doloremque quod. Odit dicta atque est non. Sint culpa quo hic at fugiat deleniti.',
        '2008-08-04 10:30:33');
INSERT INTO `messages` (`id`, `from_user_id`, `to_user_id`, `body`, `created_at`)
VALUES ('38', '257', '257',
        'Cupiditate non officiis ullam accusamus non. Consequatur aut consequatur et voluptatem dicta nihil aliquid sint. Culpa iure consequatur aut occaecati culpa.',
        '2017-12-03 16:50:22');
INSERT INTO `messages` (`id`, `from_user_id`, `to_user_id`, `body`, `created_at`)
VALUES ('39', '258', '258',
        'Aut ipsa enim illo repellendus. Pariatur est nemo cum non omnis autem. Fugit maxime alias vel distinctio.',
        '2003-12-17 02:28:17');
INSERT INTO `messages` (`id`, `from_user_id`, `to_user_id`, `body`, `created_at`)
VALUES ('40', '259', '259',
        'In unde nostrum est. Eligendi voluptates repudiandae aut unde aliquid nobis vel. Et numquam ea quia doloribus a consequatur vel. Rem molestiae sint velit inventore aut odio.',
        '2001-05-07 19:51:43');
INSERT INTO `messages` (`id`, `from_user_id`, `to_user_id`, `body`, `created_at`)
VALUES ('41', '260', '260',
        'Modi laboriosam vel quia deserunt unde provident. Sed nostrum quod beatae nisi. Omnis adipisci nihil et minima. Et veritatis illo eos explicabo voluptatem ut.',
        '1987-10-22 04:35:05');
INSERT INTO `messages` (`id`, `from_user_id`, `to_user_id`, `body`, `created_at`)
VALUES ('42', '261', '261',
        'Quis ducimus enim temporibus fugiat id cupiditate. Occaecati et dolore beatae qui ratione. Expedita nisi eaque doloribus voluptates iusto. Porro est debitis modi.',
        '1995-02-22 04:48:19');
INSERT INTO `messages` (`id`, `from_user_id`, `to_user_id`, `body`, `created_at`)
VALUES ('43', '262', '262',
        'Repellendus veritatis esse dolores vitae commodi molestias impedit et. Atque qui labore impedit ad ipsum. Et possimus suscipit dicta quibusdam optio impedit. Quia iure ipsum quam corporis minus temporibus.',
        '2005-09-04 05:09:40');
INSERT INTO `messages` (`id`, `from_user_id`, `to_user_id`, `body`, `created_at`)
VALUES ('44', '263', '263',
        'Alias sit consequatur quis qui consectetur aut. Distinctio commodi praesentium quia placeat. Ut itaque quidem qui. Eaque ut pariatur omnis qui.',
        '1993-07-06 01:28:38');
INSERT INTO `messages` (`id`, `from_user_id`, `to_user_id`, `body`, `created_at`)
VALUES ('45', '264', '264',
        'Saepe natus dignissimos temporibus omnis. Provident incidunt provident ex laboriosam eveniet quas ut. Rerum accusamus quis dignissimos nulla dolore quis ex. Facere et non ratione rerum voluptas. Iusto corrupti sit odit unde.',
        '2003-03-31 04:53:21');
INSERT INTO `messages` (`id`, `from_user_id`, `to_user_id`, `body`, `created_at`)
VALUES ('46', '266', '266',
        'Neque sint omnis quasi praesentium. Ab officiis deleniti animi vel. Libero architecto ut excepturi tempora. Quos rem est dolorem quia sunt sit.',
        '2008-03-28 23:47:13');
INSERT INTO `messages` (`id`, `from_user_id`, `to_user_id`, `body`, `created_at`)
VALUES ('47', '268', '268',
        'Qui doloribus fuga inventore repellat ut minus autem repellendus. Consequatur perspiciatis fugit expedita voluptatum accusantium aut aut. Ad voluptatem omnis minus atque in doloremque autem. Dolorem consequatur sunt qui ut sapiente et quia.',
        '1994-06-01 10:14:46');
INSERT INTO `messages` (`id`, `from_user_id`, `to_user_id`, `body`, `created_at`)
VALUES ('48', '270', '270',
        'Perspiciatis culpa eos voluptatem dicta ut et et omnis. Et incidunt et exercitationem nisi aut dolor velit eveniet. Ab aliquam voluptatem amet molestiae qui perferendis.',
        '2000-03-27 17:04:09');
INSERT INTO `messages` (`id`, `from_user_id`, `to_user_id`, `body`, `created_at`)
VALUES ('49', '271', '271',
        'Ut ut rem ratione rerum. Eligendi odit quas ut ut laudantium. Quas eius ullam et omnis. Veritatis et iste necessitatibus adipisci et pariatur nobis. Et nam quos quo omnis reprehenderit quasi officia.',
        '1972-10-24 17:39:58');
INSERT INTO `messages` (`id`, `from_user_id`, `to_user_id`, `body`, `created_at`)
VALUES ('50', '272', '272',
        'In a non labore molestias quos aspernatur odio nostrum. Unde consequatur pariatur aut expedita ipsa veritatis beatae. Aperiam eveniet ad eos fugit est corporis ut expedita. Praesentium ex quo qui.',
        '1983-06-02 06:03:45');
INSERT INTO `messages` (`id`, `from_user_id`, `to_user_id`, `body`, `created_at`)
VALUES ('51', '274', '274',
        'Quos ipsam ut deserunt possimus. Aut qui in deleniti deleniti nesciunt. Aperiam odio voluptatem ut ut praesentium ipsum qui.',
        '1978-06-24 11:04:20');
INSERT INTO `messages` (`id`, `from_user_id`, `to_user_id`, `body`, `created_at`)
VALUES ('52', '275', '275',
        'Vitae ut ea maiores ex non. Sint aut vel quibusdam quis. Excepturi architecto molestias delectus consequatur quia est explicabo. Tenetur consectetur doloribus enim.',
        '1984-07-01 04:52:17');
INSERT INTO `messages` (`id`, `from_user_id`, `to_user_id`, `body`, `created_at`)
VALUES ('53', '276', '276',
        'Nesciunt voluptatem sed omnis. Ullam nulla distinctio quae illo ut. Quaerat quas quo et quidem tenetur. Dicta quae accusantium qui est rem.',
        '1986-06-08 23:57:22');
INSERT INTO `messages` (`id`, `from_user_id`, `to_user_id`, `body`, `created_at`)
VALUES ('54', '280', '280',
        'Modi dolorem et ut ex sint quo. Non vitae voluptas necessitatibus. Omnis nihil laudantium et odio ut non.',
        '2003-12-16 00:38:01');
INSERT INTO `messages` (`id`, `from_user_id`, `to_user_id`, `body`, `created_at`)
VALUES ('55', '282', '282',
        'Molestiae rerum iusto et omnis aperiam eos. Iure sequi eum voluptatem maxime porro ducimus deleniti. Quis maxime aspernatur molestiae nam officiis.',
        '1976-07-31 03:26:51');
INSERT INTO `messages` (`id`, `from_user_id`, `to_user_id`, `body`, `created_at`)
VALUES ('56', '283', '283',
        'Molestiae necessitatibus culpa omnis sed reiciendis. Et dolorem quos nam sit sit aut. Architecto fugit eaque quo ut numquam. At et rerum voluptatem voluptatem corrupti nisi iusto molestiae.',
        '2009-06-11 05:13:04');
INSERT INTO `messages` (`id`, `from_user_id`, `to_user_id`, `body`, `created_at`)
VALUES ('57', '285', '285',
        'Tempora rerum consectetur autem. Eligendi earum porro ea est. Est eaque qui dolorem enim. Quisquam quam ea itaque recusandae iure.',
        '1972-10-28 05:03:03');
INSERT INTO `messages` (`id`, `from_user_id`, `to_user_id`, `body`, `created_at`)
VALUES ('58', '286', '286',
        'Rerum sit iure molestiae sunt quae maiores quaerat sed. Laboriosam aspernatur voluptas ipsam dolore fuga nihil illum. Aut unde dolorem est possimus qui sunt. Accusantium dolorem qui tenetur porro quis ut suscipit.',
        '1984-11-04 11:29:17');
INSERT INTO `messages` (`id`, `from_user_id`, `to_user_id`, `body`, `created_at`)
VALUES ('59', '290', '290',
        'Quidem rerum aliquid quo autem sequi est commodi. Quis voluptate laboriosam ut omnis. Harum et blanditiis aut. Eos repellat enim quia repellat qui laborum est.',
        '2013-03-23 20:00:15');
INSERT INTO `messages` (`id`, `from_user_id`, `to_user_id`, `body`, `created_at`)
VALUES ('60', '291', '291',
        'Quas consequatur sunt aliquam distinctio. Quidem et at non suscipit. Cupiditate velit animi accusantium laborum et omnis suscipit quis. Deserunt eum velit omnis voluptatem voluptatem.',
        '1983-10-04 23:16:21');
INSERT INTO `messages` (`id`, `from_user_id`, `to_user_id`, `body`, `created_at`)
VALUES ('61', '292', '292',
        'Atque eligendi officia et omnis consectetur adipisci. Deserunt fugiat dolore doloremque quibusdam velit ullam. Est nam rerum soluta ut non sit laudantium.',
        '2002-03-21 07:40:47');
INSERT INTO `messages` (`id`, `from_user_id`, `to_user_id`, `body`, `created_at`)
VALUES ('62', '293', '293',
        'Rerum ut qui ex est quibusdam aut. Omnis eius enim voluptas hic harum. Repellat dolor distinctio vero aspernatur.',
        '1984-05-20 07:51:40');
INSERT INTO `messages` (`id`, `from_user_id`, `to_user_id`, `body`, `created_at`)
VALUES ('63', '294', '294',
        'Eveniet distinctio quaerat sunt eos. Mollitia consequuntur id ducimus quisquam blanditiis. Amet nisi fuga velit rerum veniam quo.',
        '2008-10-03 07:49:43');
INSERT INTO `messages` (`id`, `from_user_id`, `to_user_id`, `body`, `created_at`)
VALUES ('64', '295', '295',
        'Minus voluptas ducimus molestias nam aspernatur hic voluptatem. Quod ut in optio enim nulla alias. Sint temporibus sunt doloremque assumenda quae qui id. Aut iusto adipisci velit recusandae.',
        '1995-09-09 02:50:22');
INSERT INTO `messages` (`id`, `from_user_id`, `to_user_id`, `body`, `created_at`)
VALUES ('65', '297', '297',
        'Eum et aut aut nihil molestiae exercitationem accusamus repellat. Deleniti ipsum dolorum adipisci qui. Sequi tenetur et quis doloribus sit qui veritatis molestias.',
        '1979-05-08 18:41:29');
INSERT INTO `messages` (`id`, `from_user_id`, `to_user_id`, `body`, `created_at`)
VALUES ('66', '298', '298',
        'Blanditiis minus labore molestias architecto. Soluta ipsa totam ex tempore animi nobis commodi. Sed vel minus voluptas.',
        '2013-02-25 18:07:50');
INSERT INTO `messages` (`id`, `from_user_id`, `to_user_id`, `body`, `created_at`)
VALUES ('67', '300', '300',
        'Recusandae optio nemo id soluta qui corporis. Ullam in tenetur consequatur dolorem ut. Et et perferendis a perspiciatis dolores beatae in aut.',
        '2019-06-23 02:21:00');
INSERT INTO `messages` (`id`, `from_user_id`, `to_user_id`, `body`, `created_at`)
VALUES ('68', '301', '301',
        'Alias nam repellat neque id reprehenderit ullam quidem rerum. Odit voluptatem ad unde ratione optio. Et molestias non nemo ea nihil voluptatem. Ex aspernatur pariatur qui consequatur.',
        '1983-10-21 08:57:47');
INSERT INTO `messages` (`id`, `from_user_id`, `to_user_id`, `body`, `created_at`)
VALUES ('69', '303', '303',
        'Perferendis ullam ea at pariatur neque. Magni eligendi eaque sed et. Nam cumque earum exercitationem id sequi blanditiis non. Eaque nam enim atque cum enim aut.',
        '2004-06-06 18:01:09');
INSERT INTO `messages` (`id`, `from_user_id`, `to_user_id`, `body`, `created_at`)
VALUES ('70', '305', '305',
        'Incidunt non aut et nam ab omnis quaerat odio. Sapiente nam esse quae consequatur architecto cumque. Vel eos et velit aut est. Esse repellat in ut quia qui corrupti at.',
        '1972-01-01 06:07:14');
INSERT INTO `messages` (`id`, `from_user_id`, `to_user_id`, `body`, `created_at`)
VALUES ('71', '306', '306',
        'Nesciunt aut pariatur voluptatem beatae eligendi. Recusandae ratione id expedita ut libero dolore adipisci iure. Fuga facere autem voluptatem ducimus eos distinctio quis. Est iste ut asperiores possimus aut quasi quia.',
        '1978-12-18 17:01:02');
INSERT INTO `messages` (`id`, `from_user_id`, `to_user_id`, `body`, `created_at`)
VALUES ('72', '307', '307',
        'Est quis ullam quia libero recusandae voluptate. Veniam quia fugit itaque sunt repellendus est. Et tempore voluptas non aut in iste quas blanditiis. Dolores tempora facilis aut nobis.',
        '1992-03-29 19:54:02');
INSERT INTO `messages` (`id`, `from_user_id`, `to_user_id`, `body`, `created_at`)
VALUES ('73', '309', '309',
        'Excepturi est fuga non maxime odio voluptas aut. Aut omnis natus ut voluptatem. Consequatur iure vel enim delectus provident.',
        '1973-06-16 15:38:50');
INSERT INTO `messages` (`id`, `from_user_id`, `to_user_id`, `body`, `created_at`)
VALUES ('74', '311', '311',
        'Iste fugit ad neque error nulla qui. Architecto asperiores ut quod et recusandae rerum rem necessitatibus. Et vitae a veniam aut placeat molestiae.',
        '1992-10-19 21:10:48');
INSERT INTO `messages` (`id`, `from_user_id`, `to_user_id`, `body`, `created_at`)
VALUES ('75', '314', '314',
        'Ut temporibus enim qui rerum. Est quisquam necessitatibus aut. Sunt doloribus error voluptas officiis et eius.',
        '1988-09-03 15:34:13');
INSERT INTO `messages` (`id`, `from_user_id`, `to_user_id`, `body`, `created_at`)
VALUES ('76', '315', '315',
        'Atque omnis sit qui qui velit illo veniam explicabo. Fuga voluptatum quae quibusdam aut modi. Et ullam consequuntur minima iste assumenda molestiae. Veritatis non ut odit quibusdam autem voluptas incidunt.',
        '1991-03-06 06:52:56');
INSERT INTO `messages` (`id`, `from_user_id`, `to_user_id`, `body`, `created_at`)
VALUES ('77', '318', '318',
        'Dolore placeat veniam aut. Iure nesciunt veritatis explicabo et aliquid. Totam ullam magni dolor libero adipisci ex.',
        '1976-09-24 12:01:40');
INSERT INTO `messages` (`id`, `from_user_id`, `to_user_id`, `body`, `created_at`)
VALUES ('78', '319', '319',
        'Sed deserunt recusandae vel fuga. Non consequatur molestiae dignissimos et ratione. Praesentium dolores tempore ducimus id voluptatibus ea.',
        '2006-04-22 18:56:52');
INSERT INTO `messages` (`id`, `from_user_id`, `to_user_id`, `body`, `created_at`)
VALUES ('79', '321', '321',
        'Commodi magni officia nostrum provident atque. Aut autem alias molestiae animi qui et architecto. Quia repellat et vitae culpa.',
        '1977-09-30 21:10:37');
INSERT INTO `messages` (`id`, `from_user_id`, `to_user_id`, `body`, `created_at`)
VALUES ('80', '322', '322',
        'Doloremque dolore illum corporis optio ipsam repellendus. Sed excepturi veritatis illo. Omnis molestias qui quidem deserunt.',
        '1997-01-11 19:50:07');
INSERT INTO `messages` (`id`, `from_user_id`, `to_user_id`, `body`, `created_at`)
VALUES ('81', '324', '324',
        'Dolor et sed cum sed suscipit accusamus fugiat voluptatem. Hic dolor deserunt unde est. Consequuntur delectus recusandae officiis voluptas saepe magni. Aut quos omnis quibusdam numquam. Tenetur praesentium qui ea sit.',
        '1996-05-04 01:04:32');
INSERT INTO `messages` (`id`, `from_user_id`, `to_user_id`, `body`, `created_at`)
VALUES ('82', '327', '327', 'Veritatis dignissimos occaecati rem velit. Et et harum impedit omnis officia perferendis.',
        '1974-05-03 07:04:10');
INSERT INTO `messages` (`id`, `from_user_id`, `to_user_id`, `body`, `created_at`)
VALUES ('83', '328', '328', 'Dicta hic ratione iusto architecto nisi qui. Rerum qui nihil voluptatem et.',
        '1997-02-09 09:18:15');
INSERT INTO `messages` (`id`, `from_user_id`, `to_user_id`, `body`, `created_at`)
VALUES ('84', '329', '329',
        'At ullam qui veritatis veritatis. Nisi illum quibusdam exercitationem. Dicta et aliquam est consequuntur quia provident.',
        '1996-08-25 01:57:36');
INSERT INTO `messages` (`id`, `from_user_id`, `to_user_id`, `body`, `created_at`)
VALUES ('85', '330', '330',
        'Itaque tenetur qui enim ea consequatur. Suscipit modi quisquam neque et quidem repudiandae sit. Et eum sed ea laborum sequi eum qui sit.',
        '2012-10-12 17:33:40');
INSERT INTO `messages` (`id`, `from_user_id`, `to_user_id`, `body`, `created_at`)
VALUES ('86', '331', '331',
        'Sint asperiores earum quis est. Officia sunt debitis laboriosam sed tenetur ea est. Veniam esse voluptatum et quia occaecati assumenda. Alias excepturi facilis est omnis inventore.',
        '2012-08-17 20:54:20');
INSERT INTO `messages` (`id`, `from_user_id`, `to_user_id`, `body`, `created_at`)
VALUES ('87', '333', '333',
        'Repudiandae suscipit expedita tempore tempore temporibus. Ab enim delectus autem saepe. Rerum autem soluta nemo et corporis maiores fuga. Natus corrupti maiores quia non.',
        '2009-09-06 04:58:41');
INSERT INTO `messages` (`id`, `from_user_id`, `to_user_id`, `body`, `created_at`)
VALUES ('88', '334', '334',
        'Dignissimos fuga itaque sequi. Debitis dolore vel nulla. Quia illo nihil doloremque nostrum est. Vero sit maiores architecto doloribus.',
        '1986-01-21 15:50:59');
INSERT INTO `messages` (`id`, `from_user_id`, `to_user_id`, `body`, `created_at`)
VALUES ('89', '335', '335',
        'Aperiam harum corporis illo ad aut sit impedit. Dolorum deleniti voluptas autem. Magni dignissimos adipisci enim eveniet voluptatem natus aut.',
        '2002-12-24 21:07:35');
INSERT INTO `messages` (`id`, `from_user_id`, `to_user_id`, `body`, `created_at`)
VALUES ('90', '336', '336',
        'Quae nemo earum labore dolorum. Cumque aliquam nam et provident minus accusamus. Culpa eligendi et illum dolores.',
        '1995-07-28 05:51:38');
INSERT INTO `messages` (`id`, `from_user_id`, `to_user_id`, `body`, `created_at`)
VALUES ('91', '337', '337',
        'Excepturi rerum ipsa culpa rem. Possimus sapiente impedit nihil explicabo. Ut nulla provident quia rerum.',
        '1998-10-21 17:43:59');
INSERT INTO `messages` (`id`, `from_user_id`, `to_user_id`, `body`, `created_at`)
VALUES ('92', '338', '338',
        'Repudiandae dignissimos blanditiis fuga vitae. Quas voluptas assumenda debitis culpa. Ad et voluptatem aut hic nemo.',
        '1994-05-10 12:03:39');
INSERT INTO `messages` (`id`, `from_user_id`, `to_user_id`, `body`, `created_at`)
VALUES ('93', '339', '339',
        'Quibusdam vero autem et id repellendus et ea facilis. Qui ullam dolorem qui ad eum eaque voluptas. Magnam et ipsam fugiat aut.',
        '2017-02-28 19:34:35');
INSERT INTO `messages` (`id`, `from_user_id`, `to_user_id`, `body`, `created_at`)
VALUES ('94', '342', '342',
        'Earum exercitationem sint laudantium. Eius perspiciatis dicta aliquam sed nulla alias et. Eum sapiente sunt necessitatibus commodi laborum ad occaecati ex. Quis corrupti aut impedit aut cumque.',
        '2005-07-17 13:35:38');
INSERT INTO `messages` (`id`, `from_user_id`, `to_user_id`, `body`, `created_at`)
VALUES ('95', '344', '344',
        'Architecto sit provident quo. Sint non tempora voluptatem voluptas ex repudiandae. Doloremque cumque voluptatum amet tenetur sed saepe assumenda facilis. Minima aut aut nulla et.',
        '2018-06-24 08:09:48');
INSERT INTO `messages` (`id`, `from_user_id`, `to_user_id`, `body`, `created_at`)
VALUES ('96', '346', '346',
        'Ut sed distinctio porro dolore. Quas ut ut sunt dicta at sapiente nihil excepturi. Accusamus incidunt hic accusantium laboriosam a. Est voluptas laborum eaque ipsa similique in perferendis.',
        '2013-12-12 02:50:10');
INSERT INTO `messages` (`id`, `from_user_id`, `to_user_id`, `body`, `created_at`)
VALUES ('97', '350', '350',
        'Reprehenderit natus doloribus eos molestiae ut et. Dignissimos id culpa veritatis eum consequatur velit. Odio assumenda et quos laborum alias sint ut. Id et sunt corrupti consequuntur minus.',
        '1974-12-25 00:47:56');
INSERT INTO `messages` (`id`, `from_user_id`, `to_user_id`, `body`, `created_at`)
VALUES ('98', '352', '352',
        'Tenetur repellendus quia modi qui quia ut quaerat hic. Et molestiae quae sed maxime nulla et et. Cum et dolor perferendis excepturi et molestiae. Totam amet soluta ex.',
        '2018-07-20 16:28:43');
INSERT INTO `messages` (`id`, `from_user_id`, `to_user_id`, `body`, `created_at`)
VALUES ('99', '354', '354',
        'At dolores et dolorem perspiciatis perspiciatis. Fuga eveniet itaque et. Id est ab eos qui aut ipsum ipsum.',
        '1984-12-03 22:45:02');
INSERT INTO `messages` (`id`, `from_user_id`, `to_user_id`, `body`, `created_at`)
VALUES ('100', '356', '356',
        'Ut ad at magni commodi. Rerum tenetur incidunt nesciunt quos. Eligendi qui quae veniam dolore adipisci non facilis.',
        '1981-11-11 21:31:16');
INSERT INTO `messages` (`id`, `from_user_id`, `to_user_id`, `body`, `created_at`)
VALUES ('101', '201', '201',
        'Distinctio velit aut sed quisquam ipsa et officia voluptas. Repellat fugiat commodi hic dolores voluptatem assumenda. Id eos sunt vel.',
        '1997-03-28 09:46:05');
INSERT INTO `messages` (`id`, `from_user_id`, `to_user_id`, `body`, `created_at`)
VALUES ('102', '202', '202',
        'Aut accusantium explicabo eaque non repellendus voluptas. Enim sapiente omnis non. Praesentium illo reiciendis dolor odit saepe.',
        '1994-08-03 11:53:56');
INSERT INTO `messages` (`id`, `from_user_id`, `to_user_id`, `body`, `created_at`)
VALUES ('103', '203', '203',
        'Iste eveniet velit voluptatum. Dolorem sint maiores vero dolorem ducimus. Nihil a beatae officiis.',
        '1978-01-28 12:39:28');
INSERT INTO `messages` (`id`, `from_user_id`, `to_user_id`, `body`, `created_at`)
VALUES ('104', '205', '205',
        'Et molestias debitis quia facilis reiciendis. Quis quasi itaque aspernatur vitae possimus qui iure. Voluptatem consectetur numquam sed.',
        '1987-10-22 02:54:56');
INSERT INTO `messages` (`id`, `from_user_id`, `to_user_id`, `body`, `created_at`)
VALUES ('105', '208', '208', 'Ut sunt neque sunt occaecati sunt. Dolor harum voluptas aut architecto quas ut.',
        '1990-02-14 21:56:09');
INSERT INTO `messages` (`id`, `from_user_id`, `to_user_id`, `body`, `created_at`)
VALUES ('106', '209', '209',
        'Non sit molestias quae et sint laudantium perspiciatis. Qui eveniet quia dolor. Quia officiis autem id blanditiis reiciendis unde sit. Quam aliquam id exercitationem impedit voluptates molestias.',
        '2009-06-11 21:58:50');
INSERT INTO `messages` (`id`, `from_user_id`, `to_user_id`, `body`, `created_at`)
VALUES ('107', '212', '212',
        'Non et minus laudantium numquam. Iure iste voluptas dolorem in dolor in dolores. Voluptas nihil ut voluptatem ullam rerum dolor rerum. Asperiores quia in magni aut facilis beatae occaecati.',
        '1974-12-03 01:13:22');
INSERT INTO `messages` (`id`, `from_user_id`, `to_user_id`, `body`, `created_at`)
VALUES ('108', '214', '214',
        'Nobis et nihil voluptas suscipit a minima perferendis. Accusamus aut et quos aut minima voluptas at.',
        '2009-08-12 04:00:45');
INSERT INTO `messages` (`id`, `from_user_id`, `to_user_id`, `body`, `created_at`)
VALUES ('109', '215', '215',
        'Enim ipsa animi voluptas ipsam sint impedit. Omnis facilis velit nulla molestiae incidunt. Enim assumenda et temporibus ea.',
        '1990-09-12 05:59:07');
INSERT INTO `messages` (`id`, `from_user_id`, `to_user_id`, `body`, `created_at`)
VALUES ('110', '216', '216',
        'Accusantium sit nam illum ut nihil id fuga doloribus. Provident voluptas esse quo cum in veritatis enim. Maiores dolor officia officia velit. Assumenda aliquid sit velit incidunt.',
        '2016-04-29 23:00:36');
INSERT INTO `messages` (`id`, `from_user_id`, `to_user_id`, `body`, `created_at`)
VALUES ('111', '217', '217',
        'Quia dolores voluptas quos ipsam autem sit autem et. Sed dolorem quis molestiae nihil et. Non optio eum aut sapiente quia optio.',
        '2008-10-20 15:11:43');
INSERT INTO `messages` (`id`, `from_user_id`, `to_user_id`, `body`, `created_at`)
VALUES ('112', '218', '218',
        'Illum est cumque distinctio aspernatur. Ipsa recusandae doloribus dolorem incidunt. Nisi ipsa saepe alias aliquam mollitia non.',
        '2011-01-28 21:45:42');
INSERT INTO `messages` (`id`, `from_user_id`, `to_user_id`, `body`, `created_at`)
VALUES ('113', '219', '219',
        'Ea repudiandae labore fuga consequuntur dicta quos possimus. Non laudantium voluptatibus voluptatem commodi quo assumenda sequi consequatur. Minima vitae aliquid ea asperiores.',
        '1974-02-14 05:42:28');
INSERT INTO `messages` (`id`, `from_user_id`, `to_user_id`, `body`, `created_at`)
VALUES ('114', '220', '220',
        'Perspiciatis voluptatem ratione ea consectetur quia. Quia sed itaque molestiae dolore. Optio nisi voluptate praesentium iste sit. Et totam et sit repudiandae rerum.',
        '1970-02-10 14:24:36');
INSERT INTO `messages` (`id`, `from_user_id`, `to_user_id`, `body`, `created_at`)
VALUES ('115', '221', '221',
        'Assumenda accusantium id blanditiis minus quo omnis voluptatem. Voluptate ea quia numquam in. Modi quia aut impedit fugit. Non quibusdam maxime minima voluptatem quia.',
        '1994-07-16 19:34:02');
INSERT INTO `messages` (`id`, `from_user_id`, `to_user_id`, `body`, `created_at`)
VALUES ('116', '222', '222',
        'Sed rerum deserunt eaque officiis nesciunt. Delectus nihil totam ut quibusdam occaecati. Velit recusandae ea voluptates rerum.',
        '1984-06-17 11:00:47');
INSERT INTO `messages` (`id`, `from_user_id`, `to_user_id`, `body`, `created_at`)
VALUES ('117', '223', '223',
        'Voluptatem pariatur doloribus quaerat distinctio nesciunt quia eligendi. Quas sit recusandae sunt placeat vel aliquid. Suscipit ea sint perspiciatis et nostrum necessitatibus.',
        '1977-03-22 18:25:04');
INSERT INTO `messages` (`id`, `from_user_id`, `to_user_id`, `body`, `created_at`)
VALUES ('118', '224', '224', 'Nulla sed nam provident culpa minus. Blanditiis sunt et ex doloribus ut qui quo minima.',
        '2018-12-16 01:52:16');
INSERT INTO `messages` (`id`, `from_user_id`, `to_user_id`, `body`, `created_at`)
VALUES ('119', '227', '227', 'Sint explicabo qui voluptates velit et atque. Est error ipsa aut sunt.',
        '2016-04-04 13:40:46');
INSERT INTO `messages` (`id`, `from_user_id`, `to_user_id`, `body`, `created_at`)
VALUES ('120', '228', '228',
        'Inventore distinctio corrupti placeat dolor iusto facere totam. Ut sint et eveniet iure facilis pariatur hic. Assumenda dolor in quaerat. Dignissimos autem qui dolores est voluptatem molestias nulla. Voluptate sapiente aperiam aliquam.',
        '1970-07-07 09:55:53');
INSERT INTO `messages` (`id`, `from_user_id`, `to_user_id`, `body`, `created_at`)
VALUES ('121', '230', '230',
        'Ea veritatis cum quas voluptatibus ab. Culpa ut harum non est. Repellat praesentium aut nesciunt odit deserunt voluptas.',
        '1998-11-15 20:39:30');
INSERT INTO `messages` (`id`, `from_user_id`, `to_user_id`, `body`, `created_at`)
VALUES ('122', '234', '234',
        'Dolores incidunt nostrum consequuntur non facere voluptates nam. Consequatur et quod odit nihil. Fugiat ipsam id nostrum dolores.',
        '2016-04-25 02:01:32');
INSERT INTO `messages` (`id`, `from_user_id`, `to_user_id`, `body`, `created_at`)
VALUES ('123', '236', '236',
        'Accusantium eaque ut natus et. Omnis qui illo qui. Doloremque quibusdam culpa consequuntur est quas. Cum molestiae et cupiditate eos expedita rem earum.',
        '1998-05-24 02:37:56');
INSERT INTO `messages` (`id`, `from_user_id`, `to_user_id`, `body`, `created_at`)
VALUES ('124', '237', '237',
        'Omnis odio qui delectus nihil animi enim cumque. Omnis iusto similique rerum quisquam. Et sit officiis nesciunt neque consequatur. Voluptates et enim minus.',
        '2013-08-17 07:10:00');
INSERT INTO `messages` (`id`, `from_user_id`, `to_user_id`, `body`, `created_at`)
VALUES ('125', '239', '239',
        'Laborum pariatur illo sunt temporibus rerum quia sunt. Voluptas voluptates velit vel labore facilis non. Et non perspiciatis perspiciatis voluptatum rerum amet.',
        '2018-03-13 19:06:10');
INSERT INTO `messages` (`id`, `from_user_id`, `to_user_id`, `body`, `created_at`)
VALUES ('126', '240', '240',
        'Veritatis porro asperiores tempore voluptatem sed. Alias dolor sunt laborum dolore. Tenetur eos totam autem delectus sint enim explicabo. Voluptatem accusantium doloremque distinctio.',
        '2001-07-03 16:13:52');
INSERT INTO `messages` (`id`, `from_user_id`, `to_user_id`, `body`, `created_at`)
VALUES ('127', '243', '243',
        'Sit maxime quia iure. Ut ut consequatur amet vel ut. Eos consectetur assumenda et qui dolores aut voluptas.',
        '1984-03-27 03:59:07');
INSERT INTO `messages` (`id`, `from_user_id`, `to_user_id`, `body`, `created_at`)
VALUES ('128', '244', '244',
        'Natus repellat necessitatibus recusandae suscipit at consequatur velit ut. Distinctio id dolorum corporis officiis. Repudiandae quibusdam doloremque et mollitia expedita rerum eum.',
        '1993-02-09 18:52:38');
INSERT INTO `messages` (`id`, `from_user_id`, `to_user_id`, `body`, `created_at`)
VALUES ('129', '245', '245', 'Nesciunt fugit ut fuga hic. Culpa dicta quaerat doloremque eos.', '1988-08-15 05:28:36');
INSERT INTO `messages` (`id`, `from_user_id`, `to_user_id`, `body`, `created_at`)
VALUES ('130', '247', '247',
        'Molestiae iure dolores est excepturi dolorem. Fugit dolores debitis non veniam aperiam. Qui facere occaecati et sunt et exercitationem.',
        '2016-07-17 03:05:24');
INSERT INTO `messages` (`id`, `from_user_id`, `to_user_id`, `body`, `created_at`)
VALUES ('131', '248', '248',
        'Neque quisquam ut alias commodi et ipsum. Vel velit molestiae at doloremque exercitationem sit.',
        '1996-01-31 02:15:43');
INSERT INTO `messages` (`id`, `from_user_id`, `to_user_id`, `body`, `created_at`)
VALUES ('132', '249', '249',
        'Qui ab ducimus et porro deserunt beatae ut ea. Corrupti consectetur et dolores sit fugit laborum tempora est. Occaecati impedit qui amet architecto. Reiciendis eos aspernatur quisquam eos.',
        '1997-08-15 14:01:33');
INSERT INTO `messages` (`id`, `from_user_id`, `to_user_id`, `body`, `created_at`)
VALUES ('133', '250', '250',
        'Eum id deleniti quia nihil quia dolore. Facere aut cum odio voluptas minima repellendus est. Possimus tempora neque sed optio fugiat.',
        '1998-08-31 20:01:51');
INSERT INTO `messages` (`id`, `from_user_id`, `to_user_id`, `body`, `created_at`)
VALUES ('134', '251', '251',
        'Sed ipsum aut et qui minima rem placeat. Et voluptate aut voluptas voluptate mollitia. Qui qui vitae occaecati voluptatem.',
        '2020-04-05 23:13:29');
INSERT INTO `messages` (`id`, `from_user_id`, `to_user_id`, `body`, `created_at`)
VALUES ('135', '252', '252',
        'Sunt qui dolor necessitatibus qui. Impedit nihil sint aliquid molestiae cum ea. Inventore quibusdam ipsam ut nemo esse tenetur quas.',
        '2001-04-04 04:15:36');
INSERT INTO `messages` (`id`, `from_user_id`, `to_user_id`, `body`, `created_at`)
VALUES ('136', '255', '255',
        'Quas qui dolorem in inventore enim non eum ut. Ad voluptate numquam tenetur eligendi quibusdam sed. Ratione autem sequi autem aut libero rerum velit. Odit rem nam ullam aut.',
        '2008-03-27 20:27:21');
INSERT INTO `messages` (`id`, `from_user_id`, `to_user_id`, `body`, `created_at`)
VALUES ('137', '256', '256',
        'Iste libero eveniet ad quisquam nemo voluptatibus magnam quis. Nisi praesentium ea culpa rem doloremque beatae. Facilis veniam dolorem est nobis officia numquam. Error amet ab accusamus dicta.',
        '1976-11-30 19:38:36');
INSERT INTO `messages` (`id`, `from_user_id`, `to_user_id`, `body`, `created_at`)
VALUES ('138', '257', '257',
        'Cupiditate sunt et eveniet necessitatibus porro et aliquid quis. Quasi sed assumenda aliquam earum voluptatem nihil quia ullam. Consequuntur ipsum porro qui animi quibusdam occaecati nam. Illo voluptate laboriosam aut et.',
        '2006-06-15 21:47:55');
INSERT INTO `messages` (`id`, `from_user_id`, `to_user_id`, `body`, `created_at`)
VALUES ('139', '258', '258',
        'Harum vitae est placeat commodi eos deserunt. Ad in itaque ab nobis eius. Optio fugit rem dignissimos dignissimos iusto cum rerum. Labore qui consequatur sit voluptates aut.',
        '1987-07-16 18:31:43');
INSERT INTO `messages` (`id`, `from_user_id`, `to_user_id`, `body`, `created_at`)
VALUES ('140', '259', '259',
        'Qui in velit ut quis libero. Consequatur et ullam necessitatibus non iusto aperiam dolor. Fugit perspiciatis quidem magnam quia. Vitae rem est voluptatibus est eum nihil aut.',
        '1976-01-09 17:10:59');
INSERT INTO `messages` (`id`, `from_user_id`, `to_user_id`, `body`, `created_at`)
VALUES ('141', '260', '260',
        'Natus velit nostrum alias ea. Dolorem vero fuga mollitia omnis. Eum minima et totam quisquam est ipsam repellendus magni. Et id dignissimos consequuntur quae iste.',
        '2011-04-19 02:15:12');
INSERT INTO `messages` (`id`, `from_user_id`, `to_user_id`, `body`, `created_at`)
VALUES ('142', '261', '261',
        'Est ipsum iure deleniti perspiciatis laborum. Rerum et quia nihil provident qui ut. Rem quas dolorem modi qui quam assumenda qui. Omnis aut cupiditate ipsam ducimus non accusamus.',
        '2000-05-21 22:21:41');
INSERT INTO `messages` (`id`, `from_user_id`, `to_user_id`, `body`, `created_at`)
VALUES ('143', '262', '262',
        'Sed nemo aut et eius ratione tenetur. Minima nostrum atque quo possimus. Rem dolor voluptatem ab tenetur debitis. Delectus mollitia provident consequuntur dolor eaque.',
        '1975-06-08 20:46:52');
INSERT INTO `messages` (`id`, `from_user_id`, `to_user_id`, `body`, `created_at`)
VALUES ('144', '263', '263',
        'Optio saepe laboriosam exercitationem quo fugiat id. Ut dolorem molestiae sunt sed animi non quia. Officiis expedita et ipsam optio tempore veniam pariatur mollitia. Accusamus doloribus necessitatibus repellat nisi deserunt reiciendis. Error molestiae alias unde possimus dolores tempore dolor quaerat.',
        '1979-01-26 12:33:27');
INSERT INTO `messages` (`id`, `from_user_id`, `to_user_id`, `body`, `created_at`)
VALUES ('145', '264', '264',
        'Ut id autem qui dolorum saepe. Corporis sapiente assumenda reprehenderit est perferendis.',
        '1993-10-01 14:52:48');
INSERT INTO `messages` (`id`, `from_user_id`, `to_user_id`, `body`, `created_at`)
VALUES ('146', '266', '266',
        'Veritatis veniam doloribus ut sint et explicabo molestias. Omnis voluptas beatae in. Rerum molestiae vitae qui totam dicta.',
        '2008-04-29 15:39:18');
INSERT INTO `messages` (`id`, `from_user_id`, `to_user_id`, `body`, `created_at`)
VALUES ('147', '268', '268',
        'Soluta earum est aliquid. Cupiditate pariatur accusamus adipisci dolore placeat dolorem. Non officiis non velit repudiandae corporis.',
        '2001-12-27 20:00:39');
INSERT INTO `messages` (`id`, `from_user_id`, `to_user_id`, `body`, `created_at`)
VALUES ('148', '270', '270',
        'Placeat autem voluptatem amet est quis vel odit neque. Non perferendis similique vitae non iure autem assumenda doloribus. Quae atque et omnis ipsa at quo.',
        '1980-04-24 01:40:29');
INSERT INTO `messages` (`id`, `from_user_id`, `to_user_id`, `body`, `created_at`)
VALUES ('149', '271', '271',
        'Consequatur molestiae ad in quasi sapiente rem. Ad soluta vel officiis aut quia est modi veniam. Consequatur occaecati aut molestiae omnis. Voluptate vitae reiciendis quo quam est autem iste quis.',
        '2021-04-05 01:27:11');
INSERT INTO `messages` (`id`, `from_user_id`, `to_user_id`, `body`, `created_at`)
VALUES ('150', '272', '272',
        'Illum dolor fuga et debitis recusandae et nihil. Possimus voluptatum voluptatem maiores nobis dolorem nostrum. Delectus eaque numquam quasi mollitia delectus eveniet.',
        '1973-08-29 04:47:01');
INSERT INTO `messages` (`id`, `from_user_id`, `to_user_id`, `body`, `created_at`)
VALUES ('151', '274', '274',
        'Ab explicabo dolorum iusto et occaecati placeat. Consequatur eaque delectus expedita aliquid culpa. Ad vel aut repellat repellendus error. Non rerum quo adipisci voluptas ullam quibusdam.',
        '1999-05-11 20:58:59');
INSERT INTO `messages` (`id`, `from_user_id`, `to_user_id`, `body`, `created_at`)
VALUES ('152', '275', '275',
        'Consectetur consectetur rerum nobis. Quasi rerum error ullam neque et sit. Voluptate dolor deserunt autem voluptatem. Sint nisi et sequi consequuntur excepturi ab.',
        '1976-12-06 04:59:58');
INSERT INTO `messages` (`id`, `from_user_id`, `to_user_id`, `body`, `created_at`)
VALUES ('153', '276', '276',
        'Voluptas unde at est. Commodi minus quibusdam sint voluptatem eveniet. Eaque deserunt dolorem dignissimos fugit sunt. Asperiores repellendus voluptas nobis dolores amet maxime.',
        '2015-04-22 10:48:54');
INSERT INTO `messages` (`id`, `from_user_id`, `to_user_id`, `body`, `created_at`)
VALUES ('154', '280', '280',
        'Nihil sapiente suscipit voluptatem maiores. Accusamus aperiam et ratione aut dolor vitae. Consequatur quidem dolor itaque provident iste. Quis tenetur aut commodi in corrupti sit assumenda.',
        '1994-06-28 20:00:21');
INSERT INTO `messages` (`id`, `from_user_id`, `to_user_id`, `body`, `created_at`)
VALUES ('155', '282', '282',
        'Temporibus temporibus quae enim reprehenderit nihil quisquam. Aspernatur maxime hic doloribus perspiciatis. Nulla quibusdam quaerat magnam occaecati mollitia. Qui eligendi rerum facilis et corporis.',
        '1977-04-15 14:39:39');
INSERT INTO `messages` (`id`, `from_user_id`, `to_user_id`, `body`, `created_at`)
VALUES ('156', '283', '283',
        'Aperiam reiciendis repellat animi. Qui numquam tempore repellat pariatur at et. Quod sunt nemo assumenda id ut sapiente est. Autem harum et facere quae autem quae.',
        '1986-11-19 09:39:11');
INSERT INTO `messages` (`id`, `from_user_id`, `to_user_id`, `body`, `created_at`)
VALUES ('157', '285', '285',
        'Sint officiis ab itaque dolor. Est ratione facilis ut corrupti. Consequatur et non ullam qui. Perspiciatis asperiores voluptate odit.',
        '1979-10-27 05:00:00');
INSERT INTO `messages` (`id`, `from_user_id`, `to_user_id`, `body`, `created_at`)
VALUES ('158', '286', '286',
        'Autem corrupti nihil culpa non ea. Voluptatum qui explicabo corporis ad enim pariatur labore. Dicta tempore ut reiciendis molestias asperiores velit. A facilis sit ut autem omnis possimus.',
        '2016-02-07 18:16:30');
INSERT INTO `messages` (`id`, `from_user_id`, `to_user_id`, `body`, `created_at`)
VALUES ('159', '290', '290',
        'Explicabo rerum sed officiis blanditiis repudiandae. Tenetur nam ipsum dolorem magni mollitia architecto qui. Nulla quos maxime et.',
        '1980-01-03 01:03:19');
INSERT INTO `messages` (`id`, `from_user_id`, `to_user_id`, `body`, `created_at`)
VALUES ('160', '291', '291',
        'Sint et aspernatur id ab excepturi ut aut. Sit quia laborum dolor voluptas qui sit. Culpa explicabo dolore omnis quaerat esse.',
        '1996-03-11 16:01:25');
INSERT INTO `messages` (`id`, `from_user_id`, `to_user_id`, `body`, `created_at`)
VALUES ('161', '292', '292',
        'Amet voluptas numquam quam quod autem commodi voluptatem. Error laudantium qui temporibus. Occaecati modi rerum alias ab veniam.',
        '1997-02-26 19:11:35');
INSERT INTO `messages` (`id`, `from_user_id`, `to_user_id`, `body`, `created_at`)
VALUES ('162', '293', '293',
        'Aut id ullam minima cum culpa nobis porro. Blanditiis nobis et et libero non at molestiae. Odio et laborum et dolorum. Consectetur officiis ea eos earum laboriosam voluptate magni occaecati.',
        '2017-01-05 22:13:41');
INSERT INTO `messages` (`id`, `from_user_id`, `to_user_id`, `body`, `created_at`)
VALUES ('163', '294', '294',
        'Non nulla sint dignissimos nisi qui. Labore reiciendis suscipit quo natus voluptatum laborum et quia.',
        '1977-08-03 18:58:54');
INSERT INTO `messages` (`id`, `from_user_id`, `to_user_id`, `body`, `created_at`)
VALUES ('164', '295', '295',
        'Laborum commodi voluptas dolores dolorem recusandae voluptas est. Sit quia et dolorem. Consequatur sit maxime minus nisi. Sequi sit non laboriosam voluptatem sed est.',
        '1973-08-21 08:24:27');
INSERT INTO `messages` (`id`, `from_user_id`, `to_user_id`, `body`, `created_at`)
VALUES ('165', '297', '297',
        'Atque quia dolorum hic dignissimos. Et ea quae sequi velit incidunt voluptatem. Rerum est dolorum velit officia.',
        '1987-12-07 23:10:58');
INSERT INTO `messages` (`id`, `from_user_id`, `to_user_id`, `body`, `created_at`)
VALUES ('166', '298', '298',
        'Nemo temporibus vitae cupiditate voluptatum dolor. Maiores voluptas at necessitatibus ratione optio quasi. Suscipit in repellat quia quia qui praesentium voluptatibus. Fuga magnam occaecati ab rerum unde sed.',
        '2015-03-06 11:08:06');
INSERT INTO `messages` (`id`, `from_user_id`, `to_user_id`, `body`, `created_at`)
VALUES ('167', '300', '300',
        'Quibusdam qui alias voluptatem et. Sint sunt velit voluptas iure vitae dolorem. Ut unde quae impedit porro sint temporibus cupiditate consequatur. Eveniet illum est optio dolor quidem.',
        '1992-06-20 19:39:42');
INSERT INTO `messages` (`id`, `from_user_id`, `to_user_id`, `body`, `created_at`)
VALUES ('168', '301', '301',
        'Et omnis velit est officia eligendi amet asperiores illum. Excepturi enim placeat sit omnis ea. Voluptatibus id deleniti voluptates veniam aut.',
        '1971-04-08 09:38:53');
INSERT INTO `messages` (`id`, `from_user_id`, `to_user_id`, `body`, `created_at`)
VALUES ('169', '303', '303',
        'Sunt ea sint exercitationem rem aut nostrum. Quae labore culpa maxime. Enim dolorum ea quaerat delectus praesentium aut. Ea quam at non quibusdam amet ratione quia.',
        '1979-10-02 01:10:27');
INSERT INTO `messages` (`id`, `from_user_id`, `to_user_id`, `body`, `created_at`)
VALUES ('170', '305', '305',
        'Sequi blanditiis ipsum maiores doloribus harum nihil reiciendis ipsum. Similique voluptatem vel voluptatibus reprehenderit fugit natus. Aperiam sit est et temporibus quia et dolor.',
        '2005-06-16 07:21:24');
INSERT INTO `messages` (`id`, `from_user_id`, `to_user_id`, `body`, `created_at`)
VALUES ('171', '306', '306',
        'Eum enim qui aut sunt rerum minus velit. Sed quas sunt aspernatur. Ad sequi quia consequatur repudiandae.',
        '2017-06-20 10:32:49');
INSERT INTO `messages` (`id`, `from_user_id`, `to_user_id`, `body`, `created_at`)
VALUES ('172', '307', '307',
        'Expedita cupiditate eligendi voluptas et. Repudiandae enim quia quibusdam veritatis hic asperiores. Dolorem rerum voluptate id qui. Molestiae non ipsam quasi dolorum id aliquid.',
        '1976-01-29 17:16:17');
INSERT INTO `messages` (`id`, `from_user_id`, `to_user_id`, `body`, `created_at`)
VALUES ('173', '309', '309', 'Repellendus illum et consectetur provident repellendus et. Placeat voluptas nemo et.',
        '1997-11-19 23:21:26');
INSERT INTO `messages` (`id`, `from_user_id`, `to_user_id`, `body`, `created_at`)
VALUES ('174', '311', '311',
        'Et sequi incidunt sed similique fuga ea fugiat ipsa. Esse sed architecto eos eos. Possimus eius dolorem ut cum suscipit.',
        '1992-08-17 06:51:24');
INSERT INTO `messages` (`id`, `from_user_id`, `to_user_id`, `body`, `created_at`)
VALUES ('175', '314', '314',
        'Perferendis sint placeat eligendi adipisci accusantium iure a. Dolorem ut porro dolor cum in est. Quia itaque libero quasi. Quibusdam officia labore ratione ut dolorem est explicabo.',
        '1991-08-06 14:33:11');
INSERT INTO `messages` (`id`, `from_user_id`, `to_user_id`, `body`, `created_at`)
VALUES ('176', '315', '315', 'In adipisci vero pariatur architecto. Impedit commodi eos quasi ea.',
        '1974-09-20 09:35:20');
INSERT INTO `messages` (`id`, `from_user_id`, `to_user_id`, `body`, `created_at`)
VALUES ('177', '318', '318',
        'Vel quibusdam ea non voluptatem dolor qui delectus rem. Est consequuntur et qui ea. Libero nihil ipsa omnis doloremque nobis.',
        '1997-11-15 06:06:07');
INSERT INTO `messages` (`id`, `from_user_id`, `to_user_id`, `body`, `created_at`)
VALUES ('178', '319', '319',
        'Libero amet molestiae ab inventore. Quidem aut similique et iure totam eveniet perspiciatis. Qui ipsam id cupiditate cupiditate rerum.',
        '2007-07-27 12:28:29');
INSERT INTO `messages` (`id`, `from_user_id`, `to_user_id`, `body`, `created_at`)
VALUES ('179', '321', '321',
        'Magnam et ex occaecati. Provident sint laudantium praesentium et et. Ea explicabo officia et voluptates culpa. Libero tempore quae et.',
        '1976-10-22 02:45:01');
INSERT INTO `messages` (`id`, `from_user_id`, `to_user_id`, `body`, `created_at`)
VALUES ('180', '322', '322',
        'Doloremque sunt id ut hic mollitia. Occaecati quo doloremque voluptatibus rerum sed. Aut repellat quis aliquam. Dolorem est quasi quos aut molestiae animi quam. Vero molestias vel veniam ad et veniam.',
        '1982-06-12 15:33:01');
INSERT INTO `messages` (`id`, `from_user_id`, `to_user_id`, `body`, `created_at`)
VALUES ('181', '324', '324',
        'Aut fuga velit consequatur ipsam distinctio commodi. Est tempore deserunt voluptas quod aliquid ut consequuntur. Atque voluptate eaque cumque nemo ut maiores.',
        '1986-03-18 11:35:06');
INSERT INTO `messages` (`id`, `from_user_id`, `to_user_id`, `body`, `created_at`)
VALUES ('182', '327', '327',
        'Iure sint quam in aut beatae assumenda. Aspernatur cupiditate sunt ut voluptatum excepturi. Accusamus quasi laboriosam impedit id tenetur impedit dignissimos asperiores.',
        '2005-07-30 10:01:48');
INSERT INTO `messages` (`id`, `from_user_id`, `to_user_id`, `body`, `created_at`)
VALUES ('183', '328', '328',
        'Hic est sint neque. Possimus tempora recusandae vel sint repellat. Distinctio et possimus omnis quia facere velit.',
        '1974-09-19 15:45:41');
INSERT INTO `messages` (`id`, `from_user_id`, `to_user_id`, `body`, `created_at`)
VALUES ('184', '329', '329',
        'Nostrum minima id perspiciatis consequatur sequi eum. Qui non amet distinctio deserunt enim voluptate iste voluptate. Unde nihil esse similique quis nihil et placeat.',
        '1983-01-10 12:45:04');
INSERT INTO `messages` (`id`, `from_user_id`, `to_user_id`, `body`, `created_at`)
VALUES ('185', '330', '330',
        'Voluptatem voluptas nostrum deserunt natus earum magnam. Sequi inventore rerum suscipit dicta commodi occaecati.',
        '1970-03-26 20:43:11');
INSERT INTO `messages` (`id`, `from_user_id`, `to_user_id`, `body`, `created_at`)
VALUES ('186', '331', '331',
        'Ea eius consequatur et et. Aspernatur labore asperiores nobis nam. Quis quia laboriosam sunt modi accusamus. Sed et molestias ea.',
        '1999-06-26 15:55:56');
INSERT INTO `messages` (`id`, `from_user_id`, `to_user_id`, `body`, `created_at`)
VALUES ('187', '333', '333',
        'Aliquid sit illo quia nostrum. Dolor accusantium est fugit illo corrupti. Aut nostrum quidem hic dolorum at eos.',
        '2003-01-29 08:13:33');
INSERT INTO `messages` (`id`, `from_user_id`, `to_user_id`, `body`, `created_at`)
VALUES ('188', '334', '334',
        'Vel fugit atque voluptas magni possimus consequuntur magnam eaque. Quis perspiciatis sed omnis sit mollitia. Architecto maiores dolorem iste consequatur qui nisi dolorum. Et nam recusandae vel dolore itaque recusandae ut possimus. Illum quo a rerum ut earum recusandae ut nostrum.',
        '1970-06-28 15:52:39');
INSERT INTO `messages` (`id`, `from_user_id`, `to_user_id`, `body`, `created_at`)
VALUES ('189', '335', '335',
        'Sit nulla quasi eaque aspernatur quasi. Facere ut non rem magnam voluptas eos. Sit maxime vitae et est minima.',
        '2005-12-16 06:09:32');
INSERT INTO `messages` (`id`, `from_user_id`, `to_user_id`, `body`, `created_at`)
VALUES ('190', '336', '336',
        'Ipsum itaque laborum sint minima expedita. Accusamus quia aut aut sed atque vel porro. Aut illum maiores quas architecto ratione dicta.',
        '2002-01-21 02:51:31');
INSERT INTO `messages` (`id`, `from_user_id`, `to_user_id`, `body`, `created_at`)
VALUES ('191', '337', '337',
        'Sit veritatis dolores tenetur magni consectetur. Nisi autem dolores sunt nesciunt voluptas id. Debitis cum unde id laborum voluptates voluptatem.',
        '1988-01-11 10:38:25');
INSERT INTO `messages` (`id`, `from_user_id`, `to_user_id`, `body`, `created_at`)
VALUES ('192', '338', '338',
        'Sed consequatur iste placeat id quas sapiente. Ut quis enim quos voluptas inventore saepe provident.',
        '1979-06-03 17:58:01');
INSERT INTO `messages` (`id`, `from_user_id`, `to_user_id`, `body`, `created_at`)
VALUES ('193', '339', '339', 'Aut ut rerum voluptas in aut mollitia assumenda. Minus quod eaque et cum et.',
        '2010-01-18 04:30:26');
INSERT INTO `messages` (`id`, `from_user_id`, `to_user_id`, `body`, `created_at`)
VALUES ('194', '342', '342',
        'Similique quia voluptates a est. Exercitationem neque ex laudantium enim distinctio impedit. Tenetur velit nulla quia hic autem amet laboriosam.',
        '1972-11-18 14:20:59');
INSERT INTO `messages` (`id`, `from_user_id`, `to_user_id`, `body`, `created_at`)
VALUES ('195', '344', '344',
        'Quis temporibus impedit ut est et nesciunt. Quia et ea repudiandae neque qui. Quae et dolor saepe. Saepe corrupti cum reiciendis sed et eum omnis.',
        '2015-06-12 06:26:00');
INSERT INTO `messages` (`id`, `from_user_id`, `to_user_id`, `body`, `created_at`)
VALUES ('196', '346', '346',
        'Cumque aperiam et sequi voluptate. Inventore repudiandae assumenda voluptate odio quam sit. Similique mollitia commodi consequatur similique. Vel delectus est sit veniam.',
        '1987-04-26 22:57:13');
INSERT INTO `messages` (`id`, `from_user_id`, `to_user_id`, `body`, `created_at`)
VALUES ('197', '350', '350',
        'Perferendis est vero expedita rem vitae est voluptas. Perferendis eos doloremque dolor ipsam ut. Veritatis necessitatibus accusamus debitis atque. Nesciunt et commodi sit consequatur. Voluptas illo in nobis accusamus.',
        '2008-10-05 23:24:06');
INSERT INTO `messages` (`id`, `from_user_id`, `to_user_id`, `body`, `created_at`)
VALUES ('198', '352', '352',
        'Repudiandae laboriosam minus ut. Neque vel sed nihil quo accusamus nemo et. Totam aliquam non quia.',
        '1970-10-14 21:09:01');
INSERT INTO `messages` (`id`, `from_user_id`, `to_user_id`, `body`, `created_at`)
VALUES ('199', '354', '354',
        'Vel commodi quia nisi animi culpa maiores. Aspernatur ex consequatur molestiae. Quis ut qui ullam aut eum illo dolorem.',
        '2001-10-15 22:53:59');
INSERT INTO `messages` (`id`, `from_user_id`, `to_user_id`, `body`, `created_at`)
VALUES ('200', '356', '356',
        'Alias atque distinctio laboriosam quod inventore. Molestiae eligendi impedit sunt ut. Voluptatem aut possimus voluptatem sit error aut. Voluptatem qui et officia nam labore.',
        '2004-09-13 10:11:30');

INSERT INTO `likes`
VALUES (1, 201, 1, '1991-03-29 08:41:37'),
       (2, 201, 2, '2009-08-03 10:56:06'),
       (3, 201, 3, '2016-03-04 02:17:38'),
       (4, 205, 4, '1999-08-16 11:46:48'),
       (5, 208, 5, '1978-01-30 13:14:19'),
       (6, 209, 6, '2002-09-04 11:10:47'),
       (7, 212, 7, '2004-03-01 06:15:44'),
       (8, 214, 8, '2001-11-09 03:00:30'),
       (9, 215, 9, '1991-12-03 17:04:34'),
       (10, 216, 10, '1977-02-03 00:44:27'),
       (11, 217, 11, '2009-03-10 08:52:43'),
       (12, 218, 12, '1984-03-31 03:27:46'),
       (13, 219, 13, '2015-09-17 01:09:55'),
       (14, 220, 14, '1997-06-24 14:19:59'),
       (15, 221, 15, '1992-01-02 04:44:36'),
       (16, 222, 16, '2016-12-03 08:39:47'),
       (17, 223, 17, '1998-03-05 06:29:37'),
       (18, 224, 18, '2012-04-02 13:00:25'),
       (19, 227, 19, '2021-02-06 11:55:11'),
       (20, 228, 20, '2006-03-26 22:46:43'),
       (21, 230, 21, '1997-01-08 05:50:02'),
       (22, 234, 22, '2007-08-09 23:42:08'),
       (23, 236, 23, '2008-04-18 03:28:30'),
       (24, 237, 24, '1981-12-29 01:10:28'),
       (25, 239, 25, '1973-08-03 17:57:16'),
       (26, 240, 26, '1981-06-08 03:31:34'),
       (27, 243, 27, '2011-08-08 14:00:11'),
       (28, 244, 28, '2013-12-07 13:23:33'),
       (29, 245, 29, '1993-04-21 09:54:25'),
       (30, 247, 30, '2017-05-11 22:06:02'),
       (31, 248, 31, '1970-11-09 07:51:17'),
       (32, 249, 32, '1972-05-28 14:24:56'),
       (33, 250, 33, '1972-01-27 20:54:28'),
       (34, 251, 34, '1980-10-08 20:38:07'),
       (35, 252, 35, '1999-07-29 12:01:35'),
       (36, 255, 36, '1977-07-21 11:56:38'),
       (37, 256, 37, '1977-12-29 02:59:30'),
       (38, 257, 38, '1996-06-04 17:58:03'),
       (39, 258, 39, '1984-05-07 23:08:30'),
       (40, 259, 40, '2007-06-24 14:00:30'),
       (41, 260, 41, '2020-07-26 05:28:01'),
       (42, 261, 42, '1983-06-01 14:39:53'),
       (43, 262, 43, '1999-11-24 11:16:56'),
       (44, 263, 44, '1991-04-21 07:53:18'),
       (45, 264, 45, '2016-09-21 18:31:42'),
       (46, 266, 46, '2000-04-01 13:39:27'),
       (47, 268, 47, '1998-10-12 14:08:07'),
       (48, 270, 48, '1985-01-11 23:50:12'),
       (49, 271, 49, '2006-05-18 20:42:24'),
       (50, 272, 50, '2001-02-22 08:42:17'),
       (51, 274, 51, '1989-03-09 23:48:25'),
       (52, 275, 52, '1974-06-15 19:46:29'),
       (53, 276, 53, '1988-08-15 11:59:23'),
       (54, 280, 54, '2002-09-13 08:55:28'),
       (55, 282, 55, '1990-08-16 06:53:00'),
       (56, 283, 56, '1989-09-05 15:31:03'),
       (57, 285, 57, '2009-10-30 09:53:50'),
       (58, 286, 58, '1986-08-29 10:19:12'),
       (59, 290, 59, '2002-03-11 19:58:39'),
       (60, 291, 60, '1984-11-20 20:41:11'),
       (61, 292, 61, '2004-04-03 17:00:59'),
       (62, 293, 62, '1992-06-12 01:12:00'),
       (63, 294, 63, '2012-01-01 02:18:45'),
       (64, 295, 64, '2012-03-04 19:12:55'),
       (65, 297, 65, '2013-06-08 19:43:30'),
       (66, 298, 66, '2021-04-08 16:57:23'),
       (67, 300, 67, '1985-10-26 01:14:48'),
       (68, 301, 68, '1993-05-21 16:59:09'),
       (69, 303, 69, '2010-09-07 18:42:39'),
       (70, 305, 70, '1979-05-31 17:55:34'),
       (71, 306, 71, '1980-05-01 05:48:47'),
       (72, 307, 72, '2018-02-01 13:24:00'),
       (73, 309, 73, '1976-09-01 06:39:47'),
       (74, 311, 74, '2001-12-06 03:51:02'),
       (75, 314, 75, '1986-10-01 17:40:59'),
       (76, 315, 76, '1983-09-20 14:43:29'),
       (77, 318, 77, '1995-08-21 01:05:55'),
       (78, 319, 78, '1982-09-09 08:40:11'),
       (79, 321, 79, '1997-11-27 07:41:44'),
       (80, 322, 80, '2017-12-01 01:36:36'),
       (81, 324, 81, '2010-02-16 18:34:47'),
       (82, 327, 82, '1978-07-20 00:23:40'),
       (83, 328, 83, '1997-09-20 02:33:33'),
       (84, 329, 84, '2021-02-06 05:38:28'),
       (85, 330, 85, '2009-07-21 10:01:40'),
       (86, 331, 86, '1994-05-14 08:33:44'),
       (87, 333, 87, '1971-11-04 12:51:18'),
       (88, 334, 88, '2020-05-18 11:20:54'),
       (89, 335, 89, '2009-01-09 03:33:11'),
       (90, 336, 90, '1986-01-27 20:32:05'),
       (91, 337, 91, '2005-01-11 02:17:00'),
       (92, 338, 92, '1983-02-11 20:21:43'),
       (93, 339, 93, '1999-05-08 22:15:13'),
       (94, 342, 94, '2018-10-25 23:54:04'),
       (95, 344, 95, '1970-02-11 06:44:12'),
       (96, 346, 96, '1981-02-22 02:21:18'),
       (97, 350, 97, '1980-04-03 09:21:46'),
       (98, 352, 98, '1978-05-08 02:38:49'),
       (99, 354, 99, '2016-08-04 20:43:14'),
       (100, 356, 100, '2014-06-27 02:04:06');

INSERT INTO `communities` (`id`, `name`, `admin_user_id`)
VALUES ('1', 'qui', '201');
INSERT INTO `communities` (`id`, `name`, `admin_user_id`)
VALUES ('2', 'repellat', '202');
INSERT INTO `communities` (`id`, `name`, `admin_user_id`)
VALUES ('3', 'dicta', '203');
INSERT INTO `communities` (`id`, `name`, `admin_user_id`)
VALUES ('4', 'hic', '205');
INSERT INTO `communities` (`id`, `name`, `admin_user_id`)
VALUES ('5', 'necessitatibus', '208');
INSERT INTO `communities` (`id`, `name`, `admin_user_id`)
VALUES ('6', 'et', '209');
INSERT INTO `communities` (`id`, `name`, `admin_user_id`)
VALUES ('7', 'laboriosam', '212');
INSERT INTO `communities` (`id`, `name`, `admin_user_id`)
VALUES ('8', 'enim', '214');
INSERT INTO `communities` (`id`, `name`, `admin_user_id`)
VALUES ('9', 'perspiciatis', '215');
INSERT INTO `communities` (`id`, `name`, `admin_user_id`)
VALUES ('10', 'et', '216');
INSERT INTO `communities` (`id`, `name`, `admin_user_id`)
VALUES ('11', 'cum', '217');
INSERT INTO `communities` (`id`, `name`, `admin_user_id`)
VALUES ('12', 'et', '218');
INSERT INTO `communities` (`id`, `name`, `admin_user_id`)
VALUES ('13', 'sequi', '219');
INSERT INTO `communities` (`id`, `name`, `admin_user_id`)
VALUES ('14', 'ullam', '220');
INSERT INTO `communities` (`id`, `name`, `admin_user_id`)
VALUES ('15', 'voluptatem', '221');
INSERT INTO `communities` (`id`, `name`, `admin_user_id`)
VALUES ('16', 'quas', '222');
INSERT INTO `communities` (`id`, `name`, `admin_user_id`)
VALUES ('17', 'consequatur', '223');
INSERT INTO `communities` (`id`, `name`, `admin_user_id`)
VALUES ('18', 'nulla', '224');
INSERT INTO `communities` (`id`, `name`, `admin_user_id`)
VALUES ('19', 'aut', '227');
INSERT INTO `communities` (`id`, `name`, `admin_user_id`)
VALUES ('20', 'est', '228');
INSERT INTO `communities` (`id`, `name`, `admin_user_id`)
VALUES ('21', 'quidem', '230');
INSERT INTO `communities` (`id`, `name`, `admin_user_id`)
VALUES ('22', 'qui', '234');
INSERT INTO `communities` (`id`, `name`, `admin_user_id`)
VALUES ('23', 'atque', '236');
INSERT INTO `communities` (`id`, `name`, `admin_user_id`)
VALUES ('24', 'voluptas', '237');
INSERT INTO `communities` (`id`, `name`, `admin_user_id`)
VALUES ('25', 'voluptates', '239');
INSERT INTO `communities` (`id`, `name`, `admin_user_id`)
VALUES ('26', 'et', '240');
INSERT INTO `communities` (`id`, `name`, `admin_user_id`)
VALUES ('27', 'ut', '243');
INSERT INTO `communities` (`id`, `name`, `admin_user_id`)
VALUES ('28', 'eum', '244');
INSERT INTO `communities` (`id`, `name`, `admin_user_id`)
VALUES ('29', 'provident', '245');
INSERT INTO `communities` (`id`, `name`, `admin_user_id`)
VALUES ('30', 'minus', '247');
INSERT INTO `communities` (`id`, `name`, `admin_user_id`)
VALUES ('31', 'sed', '248');
INSERT INTO `communities` (`id`, `name`, `admin_user_id`)
VALUES ('32', 'sint', '249');
INSERT INTO `communities` (`id`, `name`, `admin_user_id`)
VALUES ('33', 'maiores', '250');
INSERT INTO `communities` (`id`, `name`, `admin_user_id`)
VALUES ('34', 'aliquam', '251');
INSERT INTO `communities` (`id`, `name`, `admin_user_id`)
VALUES ('35', 'voluptatibus', '252');
INSERT INTO `communities` (`id`, `name`, `admin_user_id`)
VALUES ('36', 'qui', '255');
INSERT INTO `communities` (`id`, `name`, `admin_user_id`)
VALUES ('37', 'tempora', '256');
INSERT INTO `communities` (`id`, `name`, `admin_user_id`)
VALUES ('38', 'velit', '257');
INSERT INTO `communities` (`id`, `name`, `admin_user_id`)
VALUES ('39', 'exercitationem', '258');
INSERT INTO `communities` (`id`, `name`, `admin_user_id`)
VALUES ('40', 'repellendus', '259');
INSERT INTO `communities` (`id`, `name`, `admin_user_id`)
VALUES ('41', 'ea', '260');
INSERT INTO `communities` (`id`, `name`, `admin_user_id`)
VALUES ('42', 'sint', '261');
INSERT INTO `communities` (`id`, `name`, `admin_user_id`)
VALUES ('43', 'id', '262');
INSERT INTO `communities` (`id`, `name`, `admin_user_id`)
VALUES ('44', 'quam', '263');
INSERT INTO `communities` (`id`, `name`, `admin_user_id`)
VALUES ('45', 'ratione', '264');
INSERT INTO `communities` (`id`, `name`, `admin_user_id`)
VALUES ('46', 'non', '266');
INSERT INTO `communities` (`id`, `name`, `admin_user_id`)
VALUES ('47', 'aut', '268');
INSERT INTO `communities` (`id`, `name`, `admin_user_id`)
VALUES ('48', 'reiciendis', '270');
INSERT INTO `communities` (`id`, `name`, `admin_user_id`)
VALUES ('49', 'eos', '271');
INSERT INTO `communities` (`id`, `name`, `admin_user_id`)
VALUES ('50', 'autem', '272');
INSERT INTO `communities` (`id`, `name`, `admin_user_id`)
VALUES ('51', 'vitae', '274');
INSERT INTO `communities` (`id`, `name`, `admin_user_id`)
VALUES ('52', 'veniam', '275');
INSERT INTO `communities` (`id`, `name`, `admin_user_id`)
VALUES ('53', 'voluptas', '276');
INSERT INTO `communities` (`id`, `name`, `admin_user_id`)
VALUES ('54', 'et', '280');
INSERT INTO `communities` (`id`, `name`, `admin_user_id`)
VALUES ('55', 'velit', '282');
INSERT INTO `communities` (`id`, `name`, `admin_user_id`)
VALUES ('56', 'qui', '283');
INSERT INTO `communities` (`id`, `name`, `admin_user_id`)
VALUES ('57', 'aut', '285');
INSERT INTO `communities` (`id`, `name`, `admin_user_id`)
VALUES ('58', 'et', '286');
INSERT INTO `communities` (`id`, `name`, `admin_user_id`)
VALUES ('59', 'ipsum', '290');
INSERT INTO `communities` (`id`, `name`, `admin_user_id`)
VALUES ('60', 'sint', '291');
INSERT INTO `communities` (`id`, `name`, `admin_user_id`)
VALUES ('61', 'nulla', '292');
INSERT INTO `communities` (`id`, `name`, `admin_user_id`)
VALUES ('62', 'fuga', '293');
INSERT INTO `communities` (`id`, `name`, `admin_user_id`)
VALUES ('63', 'molestiae', '294');
INSERT INTO `communities` (`id`, `name`, `admin_user_id`)
VALUES ('64', 'eius', '295');
INSERT INTO `communities` (`id`, `name`, `admin_user_id`)
VALUES ('65', 'ut', '297');
INSERT INTO `communities` (`id`, `name`, `admin_user_id`)
VALUES ('66', 'ducimus', '298');
INSERT INTO `communities` (`id`, `name`, `admin_user_id`)
VALUES ('67', 'natus', '300');
INSERT INTO `communities` (`id`, `name`, `admin_user_id`)
VALUES ('68', 'quia', '301');
INSERT INTO `communities` (`id`, `name`, `admin_user_id`)
VALUES ('69', 'nobis', '303');
INSERT INTO `communities` (`id`, `name`, `admin_user_id`)
VALUES ('70', 'dolorem', '305');
INSERT INTO `communities` (`id`, `name`, `admin_user_id`)
VALUES ('71', 'accusamus', '306');
INSERT INTO `communities` (`id`, `name`, `admin_user_id`)
VALUES ('72', 'voluptatem', '307');
INSERT INTO `communities` (`id`, `name`, `admin_user_id`)
VALUES ('73', 'eos', '309');
INSERT INTO `communities` (`id`, `name`, `admin_user_id`)
VALUES ('74', 'et', '311');
INSERT INTO `communities` (`id`, `name`, `admin_user_id`)
VALUES ('75', 'placeat', '314');
INSERT INTO `communities` (`id`, `name`, `admin_user_id`)
VALUES ('76', 'alias', '315');
INSERT INTO `communities` (`id`, `name`, `admin_user_id`)
VALUES ('77', 'dolore', '318');
INSERT INTO `communities` (`id`, `name`, `admin_user_id`)
VALUES ('78', 'molestias', '319');
INSERT INTO `communities` (`id`, `name`, `admin_user_id`)
VALUES ('79', 'eaque', '321');
INSERT INTO `communities` (`id`, `name`, `admin_user_id`)
VALUES ('80', 'doloremque', '322');
INSERT INTO `communities` (`id`, `name`, `admin_user_id`)
VALUES ('81', 'ut', '324');
INSERT INTO `communities` (`id`, `name`, `admin_user_id`)
VALUES ('82', 'consequatur', '327');
INSERT INTO `communities` (`id`, `name`, `admin_user_id`)
VALUES ('83', 'omnis', '328');
INSERT INTO `communities` (`id`, `name`, `admin_user_id`)
VALUES ('84', 'qui', '329');
INSERT INTO `communities` (`id`, `name`, `admin_user_id`)
VALUES ('85', 'consequatur', '330');
INSERT INTO `communities` (`id`, `name`, `admin_user_id`)
VALUES ('86', 'voluptatem', '331');
INSERT INTO `communities` (`id`, `name`, `admin_user_id`)
VALUES ('87', 'et', '333');
INSERT INTO `communities` (`id`, `name`, `admin_user_id`)
VALUES ('88', 'ut', '334');
INSERT INTO `communities` (`id`, `name`, `admin_user_id`)
VALUES ('89', 'id', '335');
INSERT INTO `communities` (`id`, `name`, `admin_user_id`)
VALUES ('90', 'placeat', '336');
INSERT INTO `communities` (`id`, `name`, `admin_user_id`)
VALUES ('91', 'ut', '337');
INSERT INTO `communities` (`id`, `name`, `admin_user_id`)
VALUES ('92', 'voluptatibus', '338');
INSERT INTO `communities` (`id`, `name`, `admin_user_id`)
VALUES ('93', 'qui', '339');
INSERT INTO `communities` (`id`, `name`, `admin_user_id`)
VALUES ('94', 'dolorum', '342');
INSERT INTO `communities` (`id`, `name`, `admin_user_id`)
VALUES ('95', 'veniam', '344');
INSERT INTO `communities` (`id`, `name`, `admin_user_id`)
VALUES ('96', 'fugiat', '346');
INSERT INTO `communities` (`id`, `name`, `admin_user_id`)
VALUES ('97', 'nostrum', '350');
INSERT INTO `communities` (`id`, `name`, `admin_user_id`)
VALUES ('98', 'adipisci', '352');
INSERT INTO `communities` (`id`, `name`, `admin_user_id`)
VALUES ('99', 'commodi', '354');
INSERT INTO `communities` (`id`, `name`, `admin_user_id`)
VALUES ('100', 'et', '356');

INSERT INTO `users_communities` (`user_id`, `community_id`)
VALUES ('201', '1');
INSERT INTO `users_communities` (`user_id`, `community_id`)
VALUES ('202', '2');
INSERT INTO `users_communities` (`user_id`, `community_id`)
VALUES ('203', '3');
INSERT INTO `users_communities` (`user_id`, `community_id`)
VALUES ('205', '4');
INSERT INTO `users_communities` (`user_id`, `community_id`)
VALUES ('208', '5');
INSERT INTO `users_communities` (`user_id`, `community_id`)
VALUES ('209', '6');
INSERT INTO `users_communities` (`user_id`, `community_id`)
VALUES ('212', '7');
INSERT INTO `users_communities` (`user_id`, `community_id`)
VALUES ('214', '8');
INSERT INTO `users_communities` (`user_id`, `community_id`)
VALUES ('215', '9');
INSERT INTO `users_communities` (`user_id`, `community_id`)
VALUES ('216', '10');
INSERT INTO `users_communities` (`user_id`, `community_id`)
VALUES ('217', '11');
INSERT INTO `users_communities` (`user_id`, `community_id`)
VALUES ('218', '12');
INSERT INTO `users_communities` (`user_id`, `community_id`)
VALUES ('219', '13');
INSERT INTO `users_communities` (`user_id`, `community_id`)
VALUES ('220', '14');
INSERT INTO `users_communities` (`user_id`, `community_id`)
VALUES ('221', '15');
INSERT INTO `users_communities` (`user_id`, `community_id`)
VALUES ('222', '16');
INSERT INTO `users_communities` (`user_id`, `community_id`)
VALUES ('223', '17');
INSERT INTO `users_communities` (`user_id`, `community_id`)
VALUES ('224', '18');
INSERT INTO `users_communities` (`user_id`, `community_id`)
VALUES ('227', '19');
INSERT INTO `users_communities` (`user_id`, `community_id`)
VALUES ('228', '20');
INSERT INTO `users_communities` (`user_id`, `community_id`)
VALUES ('230', '21');
INSERT INTO `users_communities` (`user_id`, `community_id`)
VALUES ('234', '22');
INSERT INTO `users_communities` (`user_id`, `community_id`)
VALUES ('236', '23');
INSERT INTO `users_communities` (`user_id`, `community_id`)
VALUES ('237', '24');
INSERT INTO `users_communities` (`user_id`, `community_id`)
VALUES ('239', '25');
INSERT INTO `users_communities` (`user_id`, `community_id`)
VALUES ('240', '26');
INSERT INTO `users_communities` (`user_id`, `community_id`)
VALUES ('243', '27');
INSERT INTO `users_communities` (`user_id`, `community_id`)
VALUES ('244', '28');
INSERT INTO `users_communities` (`user_id`, `community_id`)
VALUES ('245', '29');
INSERT INTO `users_communities` (`user_id`, `community_id`)
VALUES ('247', '30');
INSERT INTO `users_communities` (`user_id`, `community_id`)
VALUES ('248', '31');
INSERT INTO `users_communities` (`user_id`, `community_id`)
VALUES ('249', '32');
INSERT INTO `users_communities` (`user_id`, `community_id`)
VALUES ('250', '33');
INSERT INTO `users_communities` (`user_id`, `community_id`)
VALUES ('251', '34');
INSERT INTO `users_communities` (`user_id`, `community_id`)
VALUES ('252', '35');
INSERT INTO `users_communities` (`user_id`, `community_id`)
VALUES ('255', '36');
INSERT INTO `users_communities` (`user_id`, `community_id`)
VALUES ('256', '37');
INSERT INTO `users_communities` (`user_id`, `community_id`)
VALUES ('257', '38');
INSERT INTO `users_communities` (`user_id`, `community_id`)
VALUES ('258', '39');
INSERT INTO `users_communities` (`user_id`, `community_id`)
VALUES ('259', '40');
INSERT INTO `users_communities` (`user_id`, `community_id`)
VALUES ('260', '41');
INSERT INTO `users_communities` (`user_id`, `community_id`)
VALUES ('261', '42');
INSERT INTO `users_communities` (`user_id`, `community_id`)
VALUES ('262', '43');
INSERT INTO `users_communities` (`user_id`, `community_id`)
VALUES ('263', '44');
INSERT INTO `users_communities` (`user_id`, `community_id`)
VALUES ('264', '45');
INSERT INTO `users_communities` (`user_id`, `community_id`)
VALUES ('266', '46');
INSERT INTO `users_communities` (`user_id`, `community_id`)
VALUES ('268', '47');
INSERT INTO `users_communities` (`user_id`, `community_id`)
VALUES ('270', '48');
INSERT INTO `users_communities` (`user_id`, `community_id`)
VALUES ('271', '49');
INSERT INTO `users_communities` (`user_id`, `community_id`)
VALUES ('272', '50');
INSERT INTO `users_communities` (`user_id`, `community_id`)
VALUES ('274', '51');
INSERT INTO `users_communities` (`user_id`, `community_id`)
VALUES ('275', '52');
INSERT INTO `users_communities` (`user_id`, `community_id`)
VALUES ('276', '53');
INSERT INTO `users_communities` (`user_id`, `community_id`)
VALUES ('280', '54');
INSERT INTO `users_communities` (`user_id`, `community_id`)
VALUES ('282', '55');
INSERT INTO `users_communities` (`user_id`, `community_id`)
VALUES ('283', '56');
INSERT INTO `users_communities` (`user_id`, `community_id`)
VALUES ('285', '57');
INSERT INTO `users_communities` (`user_id`, `community_id`)
VALUES ('286', '58');
INSERT INTO `users_communities` (`user_id`, `community_id`)
VALUES ('290', '59');
INSERT INTO `users_communities` (`user_id`, `community_id`)
VALUES ('291', '60');
INSERT INTO `users_communities` (`user_id`, `community_id`)
VALUES ('292', '61');
INSERT INTO `users_communities` (`user_id`, `community_id`)
VALUES ('293', '62');
INSERT INTO `users_communities` (`user_id`, `community_id`)
VALUES ('294', '63');
INSERT INTO `users_communities` (`user_id`, `community_id`)
VALUES ('295', '64');
INSERT INTO `users_communities` (`user_id`, `community_id`)
VALUES ('297', '65');
INSERT INTO `users_communities` (`user_id`, `community_id`)
VALUES ('298', '66');
INSERT INTO `users_communities` (`user_id`, `community_id`)
VALUES ('300', '67');
INSERT INTO `users_communities` (`user_id`, `community_id`)
VALUES ('301', '68');
INSERT INTO `users_communities` (`user_id`, `community_id`)
VALUES ('303', '69');
INSERT INTO `users_communities` (`user_id`, `community_id`)
VALUES ('305', '70');
INSERT INTO `users_communities` (`user_id`, `community_id`)
VALUES ('306', '71');
INSERT INTO `users_communities` (`user_id`, `community_id`)
VALUES ('307', '72');
INSERT INTO `users_communities` (`user_id`, `community_id`)
VALUES ('309', '73');
INSERT INTO `users_communities` (`user_id`, `community_id`)
VALUES ('311', '74');
INSERT INTO `users_communities` (`user_id`, `community_id`)
VALUES ('314', '75');
INSERT INTO `users_communities` (`user_id`, `community_id`)
VALUES ('315', '76');
INSERT INTO `users_communities` (`user_id`, `community_id`)
VALUES ('318', '77');
INSERT INTO `users_communities` (`user_id`, `community_id`)
VALUES ('319', '78');
INSERT INTO `users_communities` (`user_id`, `community_id`)
VALUES ('321', '79');
INSERT INTO `users_communities` (`user_id`, `community_id`)
VALUES ('322', '80');
INSERT INTO `users_communities` (`user_id`, `community_id`)
VALUES ('324', '81');
INSERT INTO `users_communities` (`user_id`, `community_id`)
VALUES ('327', '82');
INSERT INTO `users_communities` (`user_id`, `community_id`)
VALUES ('328', '83');
INSERT INTO `users_communities` (`user_id`, `community_id`)
VALUES ('329', '84');
INSERT INTO `users_communities` (`user_id`, `community_id`)
VALUES ('330', '85');
INSERT INTO `users_communities` (`user_id`, `community_id`)
VALUES ('331', '86');
INSERT INTO `users_communities` (`user_id`, `community_id`)
VALUES ('333', '87');
INSERT INTO `users_communities` (`user_id`, `community_id`)
VALUES ('334', '88');
INSERT INTO `users_communities` (`user_id`, `community_id`)
VALUES ('335', '89');
INSERT INTO `users_communities` (`user_id`, `community_id`)
VALUES ('336', '90');
INSERT INTO `users_communities` (`user_id`, `community_id`)
VALUES ('337', '91');
INSERT INTO `users_communities` (`user_id`, `community_id`)
VALUES ('338', '92');
INSERT INTO `users_communities` (`user_id`, `community_id`)
VALUES ('339', '93');
INSERT INTO `users_communities` (`user_id`, `community_id`)
VALUES ('342', '94');
INSERT INTO `users_communities` (`user_id`, `community_id`)
VALUES ('344', '95');
INSERT INTO `users_communities` (`user_id`, `community_id`)
VALUES ('346', '96');
INSERT INTO `users_communities` (`user_id`, `community_id`)
VALUES ('350', '97');
INSERT INTO `users_communities` (`user_id`, `community_id`)
VALUES ('352', '98');
INSERT INTO `users_communities` (`user_id`, `community_id`)
VALUES ('354', '99');
INSERT INTO `users_communities` (`user_id`, `community_id`)
VALUES ('356', '100');

INSERT INTO `likes_users`
VALUES (1, 201, '2004-03-13 23:55:35'),
       (2, 202, '1972-06-13 05:28:49'),
       (3, 203, '2007-09-30 13:28:33'),
       (4, 205, '1977-07-07 04:49:42'),
       (5, 208, '2014-10-22 04:48:01'),
       (6, 209, '2018-02-04 19:28:58'),
       (7, 212, '1974-12-17 07:03:38'),
       (8, 214, '1975-05-20 22:53:34'),
       (9, 215, '2002-12-20 08:48:17'),
       (10, 216, '1988-01-04 21:16:42'),
       (11, 217, '1977-04-29 10:29:05'),
       (12, 218, '1993-09-27 14:03:49'),
       (13, 219, '1988-10-03 07:34:59'),
       (14, 220, '2005-03-06 05:01:36'),
       (15, 221, '1982-03-21 05:46:40'),
       (16, 222, '2011-02-25 08:40:47'),
       (17, 223, '1975-10-13 21:30:45'),
       (18, 224, '1993-01-14 11:06:12'),
       (19, 227, '2010-11-05 06:17:00'),
       (20, 228, '1983-04-27 01:38:40'),
       (21, 230, '2000-04-13 06:15:49'),
       (22, 234, '1974-08-25 13:44:43'),
       (23, 236, '1991-06-10 04:19:30'),
       (24, 237, '1984-07-04 15:59:08'),
       (25, 239, '1998-12-09 12:13:24'),
       (26, 240, '1978-11-12 18:01:52'),
       (27, 243, '1998-09-02 09:50:20'),
       (28, 244, '1997-04-01 12:32:38'),
       (29, 245, '2007-05-05 20:20:51'),
       (30, 247, '2007-12-01 15:59:19'),
       (31, 248, '1983-02-04 20:59:37'),
       (32, 249, '1970-11-09 02:34:07'),
       (33, 250, '1997-05-02 13:08:10'),
       (34, 251, '2007-08-12 01:13:31'),
       (35, 252, '1988-10-11 01:59:57'),
       (36, 255, '1988-06-30 09:17:23'),
       (37, 256, '2003-04-17 06:41:02'),
       (38, 257, '1989-05-04 08:09:59'),
       (39, 258, '1997-07-15 16:08:03'),
       (40, 259, '1971-08-26 03:16:29'),
       (41, 260, '1972-06-13 23:04:25'),
       (42, 261, '2008-03-19 15:20:06'),
       (43, 262, '1977-02-04 09:21:42'),
       (44, 263, '2014-07-16 03:37:40'),
       (45, 264, '1991-02-25 13:09:02'),
       (46, 266, '1970-11-08 19:54:31'),
       (47, 268, '2012-02-26 23:12:11'),
       (48, 270, '2021-04-15 16:28:11'),
       (49, 271, '1985-04-02 04:07:59'),
       (50, 272, '1981-03-14 17:37:14'),
       (51, 274, '2020-11-26 14:12:40'),
       (52, 275, '2006-08-10 03:08:44'),
       (53, 276, '2010-08-04 22:00:47'),
       (54, 280, '2007-07-01 19:41:45'),
       (55, 282, '1990-07-08 15:01:00'),
       (56, 283, '1990-02-22 11:01:54'),
       (57, 285, '1986-09-30 04:17:35'),
       (58, 286, '1971-03-02 02:00:48'),
       (59, 290, '1987-08-22 04:04:03'),
       (60, 291, '1974-10-12 00:56:32'),
       (61, 292, '2012-08-19 03:53:10'),
       (62, 293, '2010-06-13 01:53:22'),
       (63, 294, '1974-09-05 01:01:08'),
       (64, 295, '1994-10-11 23:03:44'),
       (65, 297, '1973-12-19 14:46:12'),
       (66, 298, '1988-08-06 23:57:49'),
       (67, 300, '1982-02-12 11:55:46'),
       (68, 301, '1994-10-10 03:34:51'),
       (69, 303, '1994-02-08 15:41:10'),
       (70, 305, '1999-09-30 11:59:42'),
       (71, 306, '2004-12-11 07:44:47'),
       (72, 307, '1989-06-24 04:03:05'),
       (73, 309, '2008-09-09 22:34:17'),
       (74, 311, '1996-11-06 15:27:48'),
       (75, 314, '2001-03-22 03:07:12'),
       (76, 315, '1995-03-03 14:28:39'),
       (77, 318, '2015-05-30 23:20:45'),
       (78, 319, '1993-03-11 19:27:18'),
       (79, 321, '1997-01-21 08:42:16'),
       (80, 322, '1972-04-20 20:57:46'),
       (81, 324, '2020-04-17 09:52:43'),
       (82, 327, '2000-02-26 11:29:38'),
       (83, 328, '2002-01-11 10:27:09'),
       (84, 329, '2021-08-10 07:19:26'),
       (85, 330, '1993-08-05 12:07:47'),
       (86, 331, '1995-02-28 18:13:40'),
       (87, 333, '1979-10-28 20:38:09'),
       (88, 334, '1985-10-05 10:17:08'),
       (89, 335, '1971-09-24 14:08:03'),
       (90, 336, '1983-11-15 01:12:21'),
       (91, 337, '2008-06-14 14:48:30'),
       (92, 338, '2011-06-13 13:07:27'),
       (93, 339, '1989-05-27 04:46:13'),
       (94, 342, '2016-10-31 16:18:04'),
       (95, 344, '1973-09-23 13:24:50'),
       (96, 346, '1973-01-17 03:23:21'),
       (97, 350, '1999-11-26 12:36:25'),
       (98, 352, '1995-06-01 06:55:30'),
       (99, 354, '1984-11-27 02:33:27'),
       (100, 356, '1975-04-29 12:34:14');

INSERT INTO `likes_messages` (`id`, `user_id`, `message_id`, `created_at`)
VALUES ('1', '201', '1', '2003-01-08 13:19:18');
INSERT INTO `likes_messages` (`id`, `user_id`, `message_id`, `created_at`)
VALUES ('2', '202', '2', '1975-10-15 18:45:32');
INSERT INTO `likes_messages` (`id`, `user_id`, `message_id`, `created_at`)
VALUES ('3', '203', '3', '1996-10-11 17:06:44');
INSERT INTO `likes_messages` (`id`, `user_id`, `message_id`, `created_at`)
VALUES ('4', '205', '4', '1995-01-14 06:11:14');
INSERT INTO `likes_messages` (`id`, `user_id`, `message_id`, `created_at`)
VALUES ('5', '208', '5', '2020-09-08 07:13:02');
INSERT INTO `likes_messages` (`id`, `user_id`, `message_id`, `created_at`)
VALUES ('6', '209', '6', '1998-01-12 18:36:39');
INSERT INTO `likes_messages` (`id`, `user_id`, `message_id`, `created_at`)
VALUES ('7', '212', '7', '2001-10-05 13:31:09');
INSERT INTO `likes_messages` (`id`, `user_id`, `message_id`, `created_at`)
VALUES ('8', '214', '8', '1978-07-06 23:51:55');
INSERT INTO `likes_messages` (`id`, `user_id`, `message_id`, `created_at`)
VALUES ('9', '215', '9', '2014-07-10 17:12:12');
INSERT INTO `likes_messages` (`id`, `user_id`, `message_id`, `created_at`)
VALUES ('10', '216', '10', '1996-07-10 20:28:40');
INSERT INTO `likes_messages` (`id`, `user_id`, `message_id`, `created_at`)
VALUES ('11', '217', '11', '2016-04-26 17:17:39');
INSERT INTO `likes_messages` (`id`, `user_id`, `message_id`, `created_at`)
VALUES ('12', '218', '12', '1976-06-08 09:35:56');
INSERT INTO `likes_messages` (`id`, `user_id`, `message_id`, `created_at`)
VALUES ('13', '219', '13', '2013-05-01 01:13:38');
INSERT INTO `likes_messages` (`id`, `user_id`, `message_id`, `created_at`)
VALUES ('14', '220', '14', '1988-08-19 22:36:18');
INSERT INTO `likes_messages` (`id`, `user_id`, `message_id`, `created_at`)
VALUES ('15', '221', '15', '1986-05-19 17:29:17');
INSERT INTO `likes_messages` (`id`, `user_id`, `message_id`, `created_at`)
VALUES ('16', '222', '16', '2012-05-07 22:04:55');
INSERT INTO `likes_messages` (`id`, `user_id`, `message_id`, `created_at`)
VALUES ('17', '223', '17', '2012-07-27 00:22:49');
INSERT INTO `likes_messages` (`id`, `user_id`, `message_id`, `created_at`)
VALUES ('18', '224', '18', '1983-03-12 22:24:57');
INSERT INTO `likes_messages` (`id`, `user_id`, `message_id`, `created_at`)
VALUES ('19', '227', '19', '2020-07-20 11:25:21');
INSERT INTO `likes_messages` (`id`, `user_id`, `message_id`, `created_at`)
VALUES ('20', '228', '20', '1986-11-23 06:25:06');
INSERT INTO `likes_messages` (`id`, `user_id`, `message_id`, `created_at`)
VALUES ('21', '230', '21', '1985-11-03 03:20:19');
INSERT INTO `likes_messages` (`id`, `user_id`, `message_id`, `created_at`)
VALUES ('22', '234', '22', '1974-11-21 01:16:34');
INSERT INTO `likes_messages` (`id`, `user_id`, `message_id`, `created_at`)
VALUES ('23', '236', '23', '2005-05-15 18:02:06');
INSERT INTO `likes_messages` (`id`, `user_id`, `message_id`, `created_at`)
VALUES ('24', '237', '24', '1976-10-15 20:05:35');
INSERT INTO `likes_messages` (`id`, `user_id`, `message_id`, `created_at`)
VALUES ('25', '239', '25', '1999-08-02 09:59:39');
INSERT INTO `likes_messages` (`id`, `user_id`, `message_id`, `created_at`)
VALUES ('26', '240', '26', '2015-12-24 23:01:43');
INSERT INTO `likes_messages` (`id`, `user_id`, `message_id`, `created_at`)
VALUES ('27', '243', '27', '1986-05-19 08:18:53');
INSERT INTO `likes_messages` (`id`, `user_id`, `message_id`, `created_at`)
VALUES ('28', '244', '28', '2020-05-18 15:51:55');
INSERT INTO `likes_messages` (`id`, `user_id`, `message_id`, `created_at`)
VALUES ('29', '245', '29', '1979-07-22 18:46:20');
INSERT INTO `likes_messages` (`id`, `user_id`, `message_id`, `created_at`)
VALUES ('30', '247', '30', '1982-10-06 05:05:30');
INSERT INTO `likes_messages` (`id`, `user_id`, `message_id`, `created_at`)
VALUES ('31', '248', '31', '2001-04-07 18:21:51');
INSERT INTO `likes_messages` (`id`, `user_id`, `message_id`, `created_at`)
VALUES ('32', '249', '32', '2005-05-21 03:16:08');
INSERT INTO `likes_messages` (`id`, `user_id`, `message_id`, `created_at`)
VALUES ('33', '250', '33', '1998-03-18 20:57:28');
INSERT INTO `likes_messages` (`id`, `user_id`, `message_id`, `created_at`)
VALUES ('34', '251', '34', '2016-12-30 16:02:24');
INSERT INTO `likes_messages` (`id`, `user_id`, `message_id`, `created_at`)
VALUES ('35', '252', '35', '1988-05-12 03:58:25');
INSERT INTO `likes_messages` (`id`, `user_id`, `message_id`, `created_at`)
VALUES ('36', '255', '36', '1987-10-30 20:29:41');
INSERT INTO `likes_messages` (`id`, `user_id`, `message_id`, `created_at`)
VALUES ('37', '256', '37', '1978-06-06 06:17:52');
INSERT INTO `likes_messages` (`id`, `user_id`, `message_id`, `created_at`)
VALUES ('38', '257', '38', '1990-01-06 03:29:37');
INSERT INTO `likes_messages` (`id`, `user_id`, `message_id`, `created_at`)
VALUES ('39', '258', '39', '2007-03-29 12:43:09');
INSERT INTO `likes_messages` (`id`, `user_id`, `message_id`, `created_at`)
VALUES ('40', '259', '40', '1972-07-28 22:32:02');
INSERT INTO `likes_messages` (`id`, `user_id`, `message_id`, `created_at`)
VALUES ('41', '260', '41', '2003-12-17 21:30:43');
INSERT INTO `likes_messages` (`id`, `user_id`, `message_id`, `created_at`)
VALUES ('42', '261', '42', '1972-05-08 17:06:41');
INSERT INTO `likes_messages` (`id`, `user_id`, `message_id`, `created_at`)
VALUES ('43', '262', '43', '2001-02-09 02:49:43');
INSERT INTO `likes_messages` (`id`, `user_id`, `message_id`, `created_at`)
VALUES ('44', '263', '44', '2019-05-10 03:02:50');
INSERT INTO `likes_messages` (`id`, `user_id`, `message_id`, `created_at`)
VALUES ('45', '264', '45', '2007-04-30 00:35:27');
INSERT INTO `likes_messages` (`id`, `user_id`, `message_id`, `created_at`)
VALUES ('46', '266', '46', '2002-04-15 04:47:59');
INSERT INTO `likes_messages` (`id`, `user_id`, `message_id`, `created_at`)
VALUES ('47', '268', '47', '1979-02-07 00:11:27');
INSERT INTO `likes_messages` (`id`, `user_id`, `message_id`, `created_at`)
VALUES ('48', '270', '48', '2003-05-09 19:40:52');
INSERT INTO `likes_messages` (`id`, `user_id`, `message_id`, `created_at`)
VALUES ('49', '271', '49', '1983-03-14 04:54:33');
INSERT INTO `likes_messages` (`id`, `user_id`, `message_id`, `created_at`)
VALUES ('50', '272', '50', '2003-12-10 20:39:52');
INSERT INTO `likes_messages` (`id`, `user_id`, `message_id`, `created_at`)
VALUES ('51', '274', '51', '1976-01-20 21:05:05');
INSERT INTO `likes_messages` (`id`, `user_id`, `message_id`, `created_at`)
VALUES ('52', '275', '52', '1970-03-04 18:04:48');
INSERT INTO `likes_messages` (`id`, `user_id`, `message_id`, `created_at`)
VALUES ('53', '276', '53', '1988-01-08 17:35:48');
INSERT INTO `likes_messages` (`id`, `user_id`, `message_id`, `created_at`)
VALUES ('54', '280', '54', '1983-02-14 14:17:41');
INSERT INTO `likes_messages` (`id`, `user_id`, `message_id`, `created_at`)
VALUES ('55', '282', '55', '1975-01-14 00:09:25');
INSERT INTO `likes_messages` (`id`, `user_id`, `message_id`, `created_at`)
VALUES ('56', '283', '56', '2017-09-06 23:23:24');
INSERT INTO `likes_messages` (`id`, `user_id`, `message_id`, `created_at`)
VALUES ('57', '285', '57', '1998-10-15 10:11:00');
INSERT INTO `likes_messages` (`id`, `user_id`, `message_id`, `created_at`)
VALUES ('58', '286', '58', '1987-05-06 06:17:34');
INSERT INTO `likes_messages` (`id`, `user_id`, `message_id`, `created_at`)
VALUES ('59', '290', '59', '1980-02-16 07:10:09');
INSERT INTO `likes_messages` (`id`, `user_id`, `message_id`, `created_at`)
VALUES ('60', '291', '60', '2003-10-09 03:10:52');
INSERT INTO `likes_messages` (`id`, `user_id`, `message_id`, `created_at`)
VALUES ('61', '292', '61', '1981-08-20 15:22:42');
INSERT INTO `likes_messages` (`id`, `user_id`, `message_id`, `created_at`)
VALUES ('62', '293', '62', '1986-11-14 10:13:45');
INSERT INTO `likes_messages` (`id`, `user_id`, `message_id`, `created_at`)
VALUES ('63', '294', '63', '2019-11-25 03:15:23');
INSERT INTO `likes_messages` (`id`, `user_id`, `message_id`, `created_at`)
VALUES ('64', '295', '64', '1992-12-26 18:53:13');
INSERT INTO `likes_messages` (`id`, `user_id`, `message_id`, `created_at`)
VALUES ('65', '297', '65', '2004-05-04 16:59:17');
INSERT INTO `likes_messages` (`id`, `user_id`, `message_id`, `created_at`)
VALUES ('66', '298', '66', '1995-09-13 21:15:47');
INSERT INTO `likes_messages` (`id`, `user_id`, `message_id`, `created_at`)
VALUES ('67', '300', '67', '2015-02-08 05:55:47');
INSERT INTO `likes_messages` (`id`, `user_id`, `message_id`, `created_at`)
VALUES ('68', '301', '68', '2016-10-21 07:33:00');
INSERT INTO `likes_messages` (`id`, `user_id`, `message_id`, `created_at`)
VALUES ('69', '303', '69', '1996-09-02 04:44:46');
INSERT INTO `likes_messages` (`id`, `user_id`, `message_id`, `created_at`)
VALUES ('70', '305', '70', '1995-12-02 03:56:28');
INSERT INTO `likes_messages` (`id`, `user_id`, `message_id`, `created_at`)
VALUES ('71', '306', '71', '2003-09-08 08:07:42');
INSERT INTO `likes_messages` (`id`, `user_id`, `message_id`, `created_at`)
VALUES ('72', '307', '72', '1979-05-15 07:40:35');
INSERT INTO `likes_messages` (`id`, `user_id`, `message_id`, `created_at`)
VALUES ('73', '309', '73', '2018-01-19 06:34:50');
INSERT INTO `likes_messages` (`id`, `user_id`, `message_id`, `created_at`)
VALUES ('74', '311', '74', '1977-03-13 16:38:19');
INSERT INTO `likes_messages` (`id`, `user_id`, `message_id`, `created_at`)
VALUES ('75', '314', '75', '2004-08-21 21:49:02');
INSERT INTO `likes_messages` (`id`, `user_id`, `message_id`, `created_at`)
VALUES ('76', '315', '76', '1982-01-06 15:39:33');
INSERT INTO `likes_messages` (`id`, `user_id`, `message_id`, `created_at`)
VALUES ('77', '318', '77', '2001-10-17 08:39:44');
INSERT INTO `likes_messages` (`id`, `user_id`, `message_id`, `created_at`)
VALUES ('78', '319', '78', '1988-03-08 11:00:16');
INSERT INTO `likes_messages` (`id`, `user_id`, `message_id`, `created_at`)
VALUES ('79', '321', '79', '2013-01-07 01:54:05');
INSERT INTO `likes_messages` (`id`, `user_id`, `message_id`, `created_at`)
VALUES ('80', '322', '80', '1996-01-23 12:46:13');
INSERT INTO `likes_messages` (`id`, `user_id`, `message_id`, `created_at`)
VALUES ('81', '324', '81', '2019-01-10 20:28:35');
INSERT INTO `likes_messages` (`id`, `user_id`, `message_id`, `created_at`)
VALUES ('82', '327', '82', '1972-02-14 02:02:39');
INSERT INTO `likes_messages` (`id`, `user_id`, `message_id`, `created_at`)
VALUES ('83', '328', '83', '1975-04-23 07:11:59');
INSERT INTO `likes_messages` (`id`, `user_id`, `message_id`, `created_at`)
VALUES ('84', '329', '84', '2001-10-05 18:26:08');
INSERT INTO `likes_messages` (`id`, `user_id`, `message_id`, `created_at`)
VALUES ('85', '330', '85', '1972-12-01 03:14:22');
INSERT INTO `likes_messages` (`id`, `user_id`, `message_id`, `created_at`)
VALUES ('86', '331', '86', '1983-10-22 08:03:07');
INSERT INTO `likes_messages` (`id`, `user_id`, `message_id`, `created_at`)
VALUES ('87', '333', '87', '1974-01-29 07:10:10');
INSERT INTO `likes_messages` (`id`, `user_id`, `message_id`, `created_at`)
VALUES ('88', '334', '88', '1971-12-07 16:27:17');
INSERT INTO `likes_messages` (`id`, `user_id`, `message_id`, `created_at`)
VALUES ('89', '335', '89', '1991-11-30 21:55:52');
INSERT INTO `likes_messages` (`id`, `user_id`, `message_id`, `created_at`)
VALUES ('90', '336', '90', '2013-05-11 10:15:41');
INSERT INTO `likes_messages` (`id`, `user_id`, `message_id`, `created_at`)
VALUES ('91', '337', '91', '1992-08-27 11:22:03');
INSERT INTO `likes_messages` (`id`, `user_id`, `message_id`, `created_at`)
VALUES ('92', '338', '92', '1999-10-04 17:32:12');
INSERT INTO `likes_messages` (`id`, `user_id`, `message_id`, `created_at`)
VALUES ('93', '339', '93', '2013-04-11 05:10:37');
INSERT INTO `likes_messages` (`id`, `user_id`, `message_id`, `created_at`)
VALUES ('94', '342', '94', '2009-11-10 05:22:56');
INSERT INTO `likes_messages` (`id`, `user_id`, `message_id`, `created_at`)
VALUES ('95', '344', '95', '2007-05-22 15:49:55');
INSERT INTO `likes_messages` (`id`, `user_id`, `message_id`, `created_at`)
VALUES ('96', '346', '96', '1972-01-13 09:07:02');
INSERT INTO `likes_messages` (`id`, `user_id`, `message_id`, `created_at`)
VALUES ('97', '350', '97', '1992-10-02 19:47:20');
INSERT INTO `likes_messages` (`id`, `user_id`, `message_id`, `created_at`)
VALUES ('98', '352', '98', '2009-08-24 06:46:23');
INSERT INTO `likes_messages` (`id`, `user_id`, `message_id`, `created_at`)
VALUES ('99', '354', '99', '1991-02-23 15:21:28');
INSERT INTO `likes_messages` (`id`, `user_id`, `message_id`, `created_at`)
VALUES ('100', '356', '100', '2010-07-03 12:14:57');

INSERT INTO `friend_requests` (`initiator_user_id`, `target_user_id`, `status`, `requested_at`, `updated_at`)
VALUES ('201', '202', 'declined', '1991-10-20 11:23:12', '1984-12-31 19:31:16');
INSERT INTO `friend_requests` (`initiator_user_id`, `target_user_id`, `status`, `requested_at`, `updated_at`)
VALUES ('201', '205', 'declined', '1979-04-02 07:16:29', '1987-03-06 12:04:49');
INSERT INTO `friend_requests` (`initiator_user_id`, `target_user_id`, `status`, `requested_at`, `updated_at`)
VALUES ('201', '208', 'declined', '1996-03-26 11:32:55', '2001-06-19 00:51:52');
INSERT INTO `friend_requests` (`initiator_user_id`, `target_user_id`, `status`, `requested_at`, `updated_at`)
VALUES ('201', '209', 'requested', '1971-10-17 02:55:05', '2017-05-27 02:46:11');
INSERT INTO `friend_requests` (`initiator_user_id`, `target_user_id`, `status`, `requested_at`, `updated_at`)
VALUES ('202', '201', 'unfriended', '1971-11-30 10:20:46', '1993-11-30 01:30:06');
INSERT INTO `friend_requests` (`initiator_user_id`, `target_user_id`, `status`, `requested_at`, `updated_at`)
VALUES ('202', '203', 'declined', '1977-02-19 07:14:23', '2020-07-18 23:57:04');
INSERT INTO `friend_requests` (`initiator_user_id`, `target_user_id`, `status`, `requested_at`, `updated_at`)
VALUES ('203', '201', 'approved', '1975-04-03 23:26:20', '1976-08-17 16:15:15');
INSERT INTO `friend_requests` (`initiator_user_id`, `target_user_id`, `status`, `requested_at`, `updated_at`)
VALUES ('203', '202', 'unfriended', '1997-09-27 01:20:52', '2002-12-03 14:51:49');
INSERT INTO `friend_requests` (`initiator_user_id`, `target_user_id`, `status`, `requested_at`, `updated_at`)
VALUES ('203', '205', 'requested', '2015-04-29 15:18:49', '1971-01-17 18:26:06');
INSERT INTO `friend_requests` (`initiator_user_id`, `target_user_id`, `status`, `requested_at`, `updated_at`)
VALUES ('203', '208', 'unfriended', '1998-11-23 15:08:05', '1970-04-23 07:12:43');
INSERT INTO `friend_requests` (`initiator_user_id`, `target_user_id`, `status`, `requested_at`, `updated_at`)
VALUES ('205', '201', 'requested', '2005-01-25 20:53:59', '1974-06-27 11:36:58');
INSERT INTO `friend_requests` (`initiator_user_id`, `target_user_id`, `status`, `requested_at`, `updated_at`)
VALUES ('205', '202', 'unfriended', '1977-04-06 02:43:52', '1989-09-18 00:20:45');
INSERT INTO `friend_requests` (`initiator_user_id`, `target_user_id`, `status`, `requested_at`, `updated_at`)
VALUES ('205', '203', 'approved', '2008-06-03 22:18:14', '1983-05-20 14:16:53');
INSERT INTO `friend_requests` (`initiator_user_id`, `target_user_id`, `status`, `requested_at`, `updated_at`)
VALUES ('205', '215', 'approved', '2020-02-13 23:33:47', '1998-10-15 07:02:19');
INSERT INTO `friend_requests` (`initiator_user_id`, `target_user_id`, `status`, `requested_at`, `updated_at`)
VALUES ('205', '208', 'unfriended', '1973-07-14 14:12:01', '2011-03-18 13:38:14');
INSERT INTO `friend_requests` (`initiator_user_id`, `target_user_id`, `status`, `requested_at`, `updated_at`)
VALUES ('205', '209', 'unfriended', '1982-01-26 19:53:36', '1971-02-15 07:39:13');
INSERT INTO `friend_requests` (`initiator_user_id`, `target_user_id`, `status`, `requested_at`, `updated_at`)
VALUES ('216', '201', 'requested', '2000-09-07 20:21:39', '2020-05-12 07:32:40');
INSERT INTO `friend_requests` (`initiator_user_id`, `target_user_id`, `status`, `requested_at`, `updated_at`)
VALUES ('216', '203', 'approved', '2000-07-31 08:07:43', '2020-03-10 00:01:41');
INSERT INTO `friend_requests` (`initiator_user_id`, `target_user_id`, `status`, `requested_at`, `updated_at`)
VALUES ('216', '214', 'unfriended', '2005-07-12 02:59:45', '1991-07-18 09:50:13');
INSERT INTO `friend_requests` (`initiator_user_id`, `target_user_id`, `status`, `requested_at`, `updated_at`)
VALUES ('216', '205', 'requested', '1973-03-23 13:16:57', '2007-08-26 01:40:23');
INSERT INTO `friend_requests` (`initiator_user_id`, `target_user_id`, `status`, `requested_at`, `updated_at`)
VALUES ('216', '208', 'approved', '2015-07-19 12:22:08', '2006-12-12 01:15:39');
INSERT INTO `friend_requests` (`initiator_user_id`, `target_user_id`, `status`, `requested_at`, `updated_at`)
VALUES ('216', '209', 'requested', '1974-12-01 10:49:27', '2020-05-11 12:29:38');
INSERT INTO `friend_requests` (`initiator_user_id`, `target_user_id`, `status`, `requested_at`, `updated_at`)
VALUES ('217', '202', 'unfriended', '1985-10-02 21:00:42', '1986-06-09 15:23:51');
INSERT INTO `friend_requests` (`initiator_user_id`, `target_user_id`, `status`, `requested_at`, `updated_at`)
VALUES ('217', '203', 'unfriended', '1998-08-20 20:15:22', '1991-12-22 23:48:59');
INSERT INTO `friend_requests` (`initiator_user_id`, `target_user_id`, `status`, `requested_at`, `updated_at`)
VALUES ('217', '214', 'requested', '1979-04-07 01:43:42', '1980-07-02 14:51:35');
INSERT INTO `friend_requests` (`initiator_user_id`, `target_user_id`, `status`, `requested_at`, `updated_at`)
VALUES ('217', '205', 'unfriended', '2006-12-03 16:02:27', '1970-07-11 05:34:20');
INSERT INTO `friend_requests` (`initiator_user_id`, `target_user_id`, `status`, `requested_at`, `updated_at`)
VALUES ('217', '216', 'approved', '1986-07-27 14:32:51', '2008-01-05 02:08:03');
INSERT INTO `friend_requests` (`initiator_user_id`, `target_user_id`, `status`, `requested_at`, `updated_at`)
VALUES ('217', '227', 'declined', '2013-08-07 05:09:00', '2007-09-03 14:33:59');
INSERT INTO `friend_requests` (`initiator_user_id`, `target_user_id`, `status`, `requested_at`, `updated_at`)
VALUES ('217', '208', 'declined', '1989-08-30 21:32:40', '1999-12-09 05:28:34');
INSERT INTO `friend_requests` (`initiator_user_id`, `target_user_id`, `status`, `requested_at`, `updated_at`)
VALUES ('217', '209', 'declined', '2008-07-26 18:08:48', '2012-08-23 10:10:40');
INSERT INTO `friend_requests` (`initiator_user_id`, `target_user_id`, `status`, `requested_at`, `updated_at`)
VALUES ('208', '201', 'approved', '2021-08-15 01:54:05', '1999-11-28 13:04:44');
INSERT INTO `friend_requests` (`initiator_user_id`, `target_user_id`, `status`, `requested_at`, `updated_at`)
VALUES ('208', '202', 'requested', '2016-06-02 18:34:11', '1972-03-28 13:22:35');
INSERT INTO `friend_requests` (`initiator_user_id`, `target_user_id`, `status`, `requested_at`, `updated_at`)
VALUES ('208', '203', 'approved', '1990-06-10 04:07:10', '1978-05-14 18:27:02');
INSERT INTO `friend_requests` (`initiator_user_id`, `target_user_id`, `status`, `requested_at`, `updated_at`)
VALUES ('208', '214', 'requested', '1987-04-25 07:01:13', '1972-10-18 13:26:39');
INSERT INTO `friend_requests` (`initiator_user_id`, `target_user_id`, `status`, `requested_at`, `updated_at`)
VALUES ('208', '227', 'requested', '2003-03-25 10:15:02', '2013-12-02 05:22:12');
INSERT INTO `friend_requests` (`initiator_user_id`, `target_user_id`, `status`, `requested_at`, `updated_at`)
VALUES ('208', '218', 'declined', '1979-08-15 10:14:04', '1983-07-14 03:48:26');
INSERT INTO `friend_requests` (`initiator_user_id`, `target_user_id`, `status`, `requested_at`, `updated_at`)
VALUES ('208', '209', 'approved', '1981-09-29 17:21:21', '1995-05-26 00:01:28');
INSERT INTO `friend_requests` (`initiator_user_id`, `target_user_id`, `status`, `requested_at`, `updated_at`)
VALUES ('209', '201', 'declined', '1982-10-15 06:23:14', '2002-04-20 06:03:53');
INSERT INTO `friend_requests` (`initiator_user_id`, `target_user_id`, `status`, `requested_at`, `updated_at`)
VALUES ('209', '202', 'declined', '2003-06-03 08:55:09', '2021-04-19 13:14:38');
INSERT INTO `friend_requests` (`initiator_user_id`, `target_user_id`, `status`, `requested_at`, `updated_at`)
VALUES ('209', '203', 'unfriended', '2008-09-23 10:01:40', '1983-07-22 04:48:29');
INSERT INTO `friend_requests` (`initiator_user_id`, `target_user_id`, `status`, `requested_at`, `updated_at`)
VALUES ('209', '214', 'unfriended', '2014-04-05 13:37:10', '1974-09-25 08:14:20');
INSERT INTO `friend_requests` (`initiator_user_id`, `target_user_id`, `status`, `requested_at`, `updated_at`)
VALUES ('209', '205', 'unfriended', '2016-08-19 01:55:17', '1973-02-08 09:33:07');
INSERT INTO `friend_requests` (`initiator_user_id`, `target_user_id`, `status`, `requested_at`, `updated_at`)
VALUES ('209', '227', 'declined', '2007-07-17 23:37:08', '1982-01-26 00:03:44');
INSERT INTO `friend_requests` (`initiator_user_id`, `target_user_id`, `status`, `requested_at`, `updated_at`)
VALUES ('209', '208', 'requested', '2011-08-03 14:41:10', '1991-12-10 20:48:51');

#
# Проанализировать запросы, которые выполнялись на занятии, определить возможные корректировки и/или улучшения
#
select firstname,
       lastname,
       (select hometown from profiles where user_id = 201)                                               'hometown',
       (select filename from media where media.id = (select photo_id from profiles where user_id = 201)) 'profile_photo'
from users
where id = 201;

# выбираем фотографии пользователя
select *
from media
where user_id = 221
  and media_type_id in (select id from media_types where name like 'image%');

# количество медиафайлов по пользователям
select count(*), user_id
from media
where media_type_id in (select id from media_types where name like 'image%')
group by user_id;

# архив новостей по месяцам
select count(*) cnt, monthname(created_at) as month_name
from media
group by month_name
order by cnt desc;

# сколько новостей у каждого пользователя?
select count(*), user_id
from media
group by user_id;

select *
from friend_requests
where (initiator_user_id = 201 or target_user_id = 201)
  and status = 'approved';

# выбираем новости друзей
select *
from media
where user_id = 201
union
select *
from media
where user_id in (
    select initiator_user_id
    from friend_requests
    where target_user_id = 201
      and status = 'approved'
    union
    select target_user_id
    from friend_requests
    where initiator_user_id = 201
      and status = 'approved'
);

# подсчитываем лайки для моих новостей
select count(*), media_id
from likes
where media_id in (select id from media where user_id = 201)
group by media_id
order by 1 desc;

# выводим друзей пользователя с преобразованием пола и возраста
select user_id,
       (
           case (gender)
               when 'f' then 'female'
               when 'm' then 'male'
               end
           ) as                             gender,
       TIMESTAMPDIFF(YEAR, birthday, now()) age
from profiles
where user_id in (
    select initiator_user_id
    from friend_requests
    where target_user_id = 201
      and status = 'approved'
    union
    select target_user_id
    from friend_requests
    where initiator_user_id = 201
      and status = 'approved'
);
